Copyright 1986-2022 Xilinx, Inc. All Rights Reserved. Copyright 2022-2024 Advanced Micro Devices, Inc. All Rights Reserved.
--------------------------------------------------------------------------------------------------------------------------------------------------------------------------------------
| Tool Version : Vivado v.2024.1 (win64) Build 5076996 Wed May 22 18:37:14 MDT 2024
| Date         : Fri Dec  6 20:12:12 2024
| Host         : LAPTOP-M725J2IQ running 64-bit major release  (build 9200)
| Command      : report_timing_summary -max_paths 10 -file lab10_timing_summary_routed.rpt -pb lab10_timing_summary_routed.pb -rpx lab10_timing_summary_routed.rpx -warn_on_violation
| Design       : lab10
| Device       : 7a35ti-csg324
| Speed File   : -1L  PRODUCTION 1.23 2018-06-13
| Design State : Routed
--------------------------------------------------------------------------------------------------------------------------------------------------------------------------------------

Timing Summary Report

------------------------------------------------------------------------------------------------
| Timer Settings
| --------------
------------------------------------------------------------------------------------------------

  Enable Multi Corner Analysis               :  Yes
  Enable Pessimism Removal                   :  Yes
  Pessimism Removal Resolution               :  Nearest Common Node
  Enable Input Delay Default Clock           :  No
  Enable Preset / Clear Arcs                 :  No
  Disable Flight Delays                      :  No
  Ignore I/O Paths                           :  No
  Timing Early Launch at Borrowing Latches   :  No
  Borrow Time for Max Delay Exceptions       :  Yes
  Merge Timing Exceptions                    :  Yes
  Inter-SLR Compensation                     :  Conservative

  Corner  Analyze    Analyze    
  Name    Max Paths  Min Paths  
  ------  ---------  ---------  
  Slow    Yes        Yes        
  Fast    Yes        Yes        


------------------------------------------------------------------------------------------------
| Report Methodology
| ------------------
------------------------------------------------------------------------------------------------

Rule       Severity          Description                    Violations  
---------  ----------------  -----------------------------  ----------  
TIMING-17  Critical Warning  Non-clocked sequential cell    23          
TIMING-18  Warning           Missing input or output delay  17          

Note: This report is based on the most recent report_methodology run and may not be up-to-date. Run report_methodology on the current design for the latest report.



check_timing report

Table of Contents
-----------------
1. checking no_clock (23)
2. checking constant_clock (0)
3. checking pulse_width_clock (0)
4. checking unconstrained_internal_endpoints (65)
5. checking no_input_delay (2)
6. checking no_output_delay (14)
7. checking multiple_clock (0)
8. checking generated_clocks (0)
9. checking loops (0)
10. checking partial_input_delay (0)
11. checking partial_output_delay (0)
12. checking latch_loops (0)

1. checking no_clock (23)
-------------------------
 There are 23 register/latch pins with no clock driven by root clock pin: clk_divider0/clk_out_reg/Q (HIGH)


2. checking constant_clock (0)
------------------------------
 There are 0 register/latch pins with constant_clock.


3. checking pulse_width_clock (0)
---------------------------------
 There are 0 register/latch pins which need pulse_width check


4. checking unconstrained_internal_endpoints (65)
-------------------------------------------------
 There are 65 pins that are not constrained for maximum delay. (HIGH)

 There are 0 pins that are not constrained for maximum delay due to constant clock.


5. checking no_input_delay (2)
------------------------------
 There are 2 input ports with no input delay specified. (HIGH)

 There are 0 input ports with no input delay but user has a false path constraint.


6. checking no_output_delay (14)
--------------------------------
 There are 14 ports with no output delay specified. (HIGH)

 There are 0 ports with no output delay but user has a false path constraint

 There are 0 ports with no output delay but with a timing clock defined on it or propagating through it


7. checking multiple_clock (0)
------------------------------
 There are 0 register/latch pins with multiple clocks.


8. checking generated_clocks (0)
--------------------------------
 There are 0 generated clocks that are not connected to a clock source.


9. checking loops (0)
---------------------
 There are 0 combinational loops in the design.


10. checking partial_input_delay (0)
------------------------------------
 There are 0 input ports with partial input delay specified.


11. checking partial_output_delay (0)
-------------------------------------
 There are 0 ports with partial output delay specified.


12. checking latch_loops (0)
----------------------------
 There are 0 combinational latch loops in the design through latch input



------------------------------------------------------------------------------------------------
| Design Timing Summary
| ---------------------
------------------------------------------------------------------------------------------------

    WNS(ns)      TNS(ns)  TNS Failing Endpoints  TNS Total Endpoints      WHS(ns)      THS(ns)  THS Failing Endpoints  THS Total Endpoints     WPWS(ns)     TPWS(ns)  TPWS Failing Endpoints  TPWS Total Endpoints  
    -------      -------  ---------------------  -------------------      -------      -------  ---------------------  -------------------     --------     --------  ----------------------  --------------------  
     -0.465       -1.367                      8                  747        0.075        0.000                      0                  747        4.500        0.000                       0                   124  


Timing constraints are not met.


------------------------------------------------------------------------------------------------
| Clock Summary
| -------------
------------------------------------------------------------------------------------------------

Clock        Waveform(ns)       Period(ns)      Frequency(MHz)
-----        ------------       ----------      --------------
sys_clk_pin  {0.000 5.000}      10.000          100.000         


------------------------------------------------------------------------------------------------
| Intra Clock Table
| -----------------
------------------------------------------------------------------------------------------------

Clock             WNS(ns)      TNS(ns)  TNS Failing Endpoints  TNS Total Endpoints      WHS(ns)      THS(ns)  THS Failing Endpoints  THS Total Endpoints     WPWS(ns)     TPWS(ns)  TPWS Failing Endpoints  TPWS Total Endpoints  
-----             -------      -------  ---------------------  -------------------      -------      -------  ---------------------  -------------------     --------     --------  ----------------------  --------------------  
sys_clk_pin        -0.465       -1.367                      8                  747        0.075        0.000                      0                  747        4.500        0.000                       0                   124  


------------------------------------------------------------------------------------------------
| Inter Clock Table
| -----------------
------------------------------------------------------------------------------------------------

From Clock    To Clock          WNS(ns)      TNS(ns)  TNS Failing Endpoints  TNS Total Endpoints      WHS(ns)      THS(ns)  THS Failing Endpoints  THS Total Endpoints  
----------    --------          -------      -------  ---------------------  -------------------      -------      -------  ---------------------  -------------------  


------------------------------------------------------------------------------------------------
| Other Path Groups Table
| -----------------------
------------------------------------------------------------------------------------------------

Path Group    From Clock    To Clock          WNS(ns)      TNS(ns)  TNS Failing Endpoints  TNS Total Endpoints      WHS(ns)      THS(ns)  THS Failing Endpoints  THS Total Endpoints  
----------    ----------    --------          -------      -------  ---------------------  -------------------      -------      -------  ---------------------  -------------------  


------------------------------------------------------------------------------------------------
| Timing Details
| --------------
------------------------------------------------------------------------------------------------


---------------------------------------------------------------------------------------------------
From Clock:  sys_clk_pin
  To Clock:  sys_clk_pin

Setup :            8  Failing Endpoints,  Worst Slack       -0.465ns,  Total Violation       -1.367ns
Hold  :            0  Failing Endpoints,  Worst Slack        0.075ns,  Total Violation        0.000ns
PW    :            0  Failing Endpoints,  Worst Slack        4.500ns,  Total Violation        0.000ns
---------------------------------------------------------------------------------------------------


Max Delay Paths
--------------------------------------------------------------------------------------
Slack (VIOLATED) :        -0.465ns  (required time - arrival time)
  Source:                 fish_clock_reg[23]/C
                            (rising edge-triggered cell FDRE clocked by sys_clk_pin  {rise@0.000ns fall@5.000ns period=10.000ns})
  Destination:            pixel_addr_reg[11]_rep/D
                            (rising edge-triggered cell FDRE clocked by sys_clk_pin  {rise@0.000ns fall@5.000ns period=10.000ns})
  Path Group:             sys_clk_pin
  Path Type:              Setup (Max at Slow Process Corner)
  Requirement:            10.000ns  (sys_clk_pin rise@10.000ns - sys_clk_pin rise@0.000ns)
  Data Path Delay:        10.119ns  (logic 6.355ns (62.804%)  route 3.764ns (37.196%))
  Logic Levels:           10  (CARRY4=6 DSP48E1=1 LUT2=1 LUT3=1 LUT6=1)
  Clock Path Skew:        -0.039ns (DCD - SCD + CPR)
    Destination Clock Delay (DCD):    4.808ns = ( 14.808 - 10.000 ) 
    Source Clock Delay      (SCD):    5.106ns
    Clock Pessimism Removal (CPR):    0.259ns
  Clock Uncertainty:      0.035ns  ((TSJ^2 + TIJ^2)^1/2 + DJ) / 2 + PE
    Total System Jitter     (TSJ):    0.071ns
    Total Input Jitter      (TIJ):    0.000ns
    Discrete Jitter          (DJ):    0.000ns
    Phase Error              (PE):    0.000ns

    Location             Delay type                Incr(ns)  Path(ns)    Netlist Resource(s)
  -------------------------------------------------------------------    -------------------
                         (clock sys_clk_pin rise edge)
                                                      0.000     0.000 r  
    E3                                                0.000     0.000 r  clk (IN)
                         net (fo=0)                   0.000     0.000    clk
    E3                   IBUF (Prop_ibuf_I_O)         1.489     1.489 r  clk_IBUF_inst/O
                         net (fo=1, routed)           1.967     3.455    clk_IBUF
    BUFGCTRL_X0Y16       BUFG (Prop_bufg_I_O)         0.096     3.551 r  clk_IBUF_BUFG_inst/O
                         net (fo=123, routed)         1.555     5.106    clk_IBUF_BUFG
    SLICE_X55Y60         FDRE                                         r  fish_clock_reg[23]/C
  -------------------------------------------------------------------    -------------------
    SLICE_X55Y60         FDRE (Prop_fdre_C_Q)         0.456     5.562 r  fish_clock_reg[23]/Q
                         net (fo=10, routed)          0.595     6.157    vs0/p_0_in
    SLICE_X54Y63         LUT2 (Prop_lut2_I1_O)        0.124     6.281 r  vs0/p_0_out_i_30/O
                         net (fo=1, routed)           0.000     6.281    vs0/p_0_out_i_30_n_0
    SLICE_X54Y63         CARRY4 (Prop_carry4_S[3]_CO[3])
                                                      0.376     6.657 r  vs0/p_0_out_i_15/CO[3]
                         net (fo=1, routed)           0.000     6.657    vs0/p_0_out_i_15_n_0
    SLICE_X54Y64         CARRY4 (Prop_carry4_CI_CO[3])
                                                      0.117     6.774 r  vs0/p_0_out_i_7/CO[3]
                         net (fo=1, routed)           0.000     6.774    vs0/p_0_out_i_7_n_0
    SLICE_X54Y65         CARRY4 (Prop_carry4_CI_CO[1])
                                                      0.157     6.931 r  vs0/p_0_out_i_5/CO[1]
                         net (fo=6, routed)           0.739     7.670    vs0/p_0_out_i_5_n_2
    SLICE_X57Y62         LUT6 (Prop_lut6_I0_O)        0.332     8.002 r  vs0/p_0_out_i_2/O
                         net (fo=1, routed)           0.546     8.547    vs0_n_8
    DSP48_X1Y24          DSP48E1 (Prop_dsp48e1_A[6]_P[2])
                                                      3.841    12.388 r  p_0_out/P[2]
                         net (fo=3, routed)           0.660    13.048    vs0/P[2]
    SLICE_X57Y59         LUT3 (Prop_lut3_I1_O)        0.124    13.172 r  vs0/pixel_addr[3]_i_2/O
                         net (fo=1, routed)           0.612    13.784    vs0/pixel_addr[3]_i_2_n_0
    SLICE_X56Y59         CARRY4 (Prop_carry4_DI[3]_CO[3])
                                                      0.396    14.180 r  vs0/pixel_addr_reg[3]_i_1/CO[3]
                         net (fo=1, routed)           0.000    14.180    vs0/pixel_addr_reg[3]_i_1_n_0
    SLICE_X56Y60         CARRY4 (Prop_carry4_CI_CO[3])
                                                      0.117    14.297 r  vs0/pixel_addr_reg[7]_i_1/CO[3]
                         net (fo=1, routed)           0.000    14.297    vs0/pixel_addr_reg[7]_i_1_n_0
    SLICE_X56Y61         CARRY4 (Prop_carry4_CI_O[3])
                                                      0.315    14.612 r  vs0/pixel_addr_reg[11]_i_1/O[3]
                         net (fo=2, routed)           0.613    15.225    sram_addr[11]
    SLICE_X57Y61         FDRE                                         r  pixel_addr_reg[11]_rep/D
  -------------------------------------------------------------------    -------------------

                         (clock sys_clk_pin rise edge)
                                                     10.000    10.000 r  
    E3                                                0.000    10.000 r  clk (IN)
                         net (fo=0)                   0.000    10.000    clk
    E3                   IBUF (Prop_ibuf_I_O)         1.418    11.418 r  clk_IBUF_inst/O
                         net (fo=1, routed)           1.862    13.280    clk_IBUF
    BUFGCTRL_X0Y16       BUFG (Prop_bufg_I_O)         0.091    13.371 r  clk_IBUF_BUFG_inst/O
                         net (fo=123, routed)         1.437    14.808    clk_IBUF_BUFG
    SLICE_X57Y61         FDRE                                         r  pixel_addr_reg[11]_rep/C
                         clock pessimism              0.259    15.067    
                         clock uncertainty           -0.035    15.032    
    SLICE_X57Y61         FDRE (Setup_fdre_C_D)       -0.272    14.760    pixel_addr_reg[11]_rep
  -------------------------------------------------------------------
                         required time                         14.760    
                         arrival time                         -15.225    
  -------------------------------------------------------------------
                         slack                                 -0.465    

Slack (VIOLATED) :        -0.453ns  (required time - arrival time)
  Source:                 fish_clock_reg[23]/C
                            (rising edge-triggered cell FDRE clocked by sys_clk_pin  {rise@0.000ns fall@5.000ns period=10.000ns})
  Destination:            pixel_addr_reg[11]/D
                            (rising edge-triggered cell FDRE clocked by sys_clk_pin  {rise@0.000ns fall@5.000ns period=10.000ns})
  Path Group:             sys_clk_pin
  Path Type:              Setup (Max at Slow Process Corner)
  Requirement:            10.000ns  (sys_clk_pin rise@10.000ns - sys_clk_pin rise@0.000ns)
  Data Path Delay:        10.119ns  (logic 6.355ns (62.804%)  route 3.764ns (37.196%))
  Logic Levels:           10  (CARRY4=6 DSP48E1=1 LUT2=1 LUT3=1 LUT6=1)
  Clock Path Skew:        -0.039ns (DCD - SCD + CPR)
    Destination Clock Delay (DCD):    4.808ns = ( 14.808 - 10.000 ) 
    Source Clock Delay      (SCD):    5.106ns
    Clock Pessimism Removal (CPR):    0.259ns
  Clock Uncertainty:      0.035ns  ((TSJ^2 + TIJ^2)^1/2 + DJ) / 2 + PE
    Total System Jitter     (TSJ):    0.071ns
    Total Input Jitter      (TIJ):    0.000ns
    Discrete Jitter          (DJ):    0.000ns
    Phase Error              (PE):    0.000ns

    Location             Delay type                Incr(ns)  Path(ns)    Netlist Resource(s)
  -------------------------------------------------------------------    -------------------
                         (clock sys_clk_pin rise edge)
                                                      0.000     0.000 r  
    E3                                                0.000     0.000 r  clk (IN)
                         net (fo=0)                   0.000     0.000    clk
    E3                   IBUF (Prop_ibuf_I_O)         1.489     1.489 r  clk_IBUF_inst/O
                         net (fo=1, routed)           1.967     3.455    clk_IBUF
    BUFGCTRL_X0Y16       BUFG (Prop_bufg_I_O)         0.096     3.551 r  clk_IBUF_BUFG_inst/O
                         net (fo=123, routed)         1.555     5.106    clk_IBUF_BUFG
    SLICE_X55Y60         FDRE                                         r  fish_clock_reg[23]/C
  -------------------------------------------------------------------    -------------------
    SLICE_X55Y60         FDRE (Prop_fdre_C_Q)         0.456     5.562 r  fish_clock_reg[23]/Q
                         net (fo=10, routed)          0.595     6.157    vs0/p_0_in
    SLICE_X54Y63         LUT2 (Prop_lut2_I1_O)        0.124     6.281 r  vs0/p_0_out_i_30/O
                         net (fo=1, routed)           0.000     6.281    vs0/p_0_out_i_30_n_0
    SLICE_X54Y63         CARRY4 (Prop_carry4_S[3]_CO[3])
                                                      0.376     6.657 r  vs0/p_0_out_i_15/CO[3]
                         net (fo=1, routed)           0.000     6.657    vs0/p_0_out_i_15_n_0
    SLICE_X54Y64         CARRY4 (Prop_carry4_CI_CO[3])
                                                      0.117     6.774 r  vs0/p_0_out_i_7/CO[3]
                         net (fo=1, routed)           0.000     6.774    vs0/p_0_out_i_7_n_0
    SLICE_X54Y65         CARRY4 (Prop_carry4_CI_CO[1])
                                                      0.157     6.931 r  vs0/p_0_out_i_5/CO[1]
                         net (fo=6, routed)           0.739     7.670    vs0/p_0_out_i_5_n_2
    SLICE_X57Y62         LUT6 (Prop_lut6_I0_O)        0.332     8.002 r  vs0/p_0_out_i_2/O
                         net (fo=1, routed)           0.546     8.547    vs0_n_8
    DSP48_X1Y24          DSP48E1 (Prop_dsp48e1_A[6]_P[2])
                                                      3.841    12.388 r  p_0_out/P[2]
                         net (fo=3, routed)           0.660    13.048    vs0/P[2]
    SLICE_X57Y59         LUT3 (Prop_lut3_I1_O)        0.124    13.172 r  vs0/pixel_addr[3]_i_2/O
                         net (fo=1, routed)           0.612    13.784    vs0/pixel_addr[3]_i_2_n_0
    SLICE_X56Y59         CARRY4 (Prop_carry4_DI[3]_CO[3])
                                                      0.396    14.180 r  vs0/pixel_addr_reg[3]_i_1/CO[3]
                         net (fo=1, routed)           0.000    14.180    vs0/pixel_addr_reg[3]_i_1_n_0
    SLICE_X56Y60         CARRY4 (Prop_carry4_CI_CO[3])
                                                      0.117    14.297 r  vs0/pixel_addr_reg[7]_i_1/CO[3]
                         net (fo=1, routed)           0.000    14.297    vs0/pixel_addr_reg[7]_i_1_n_0
    SLICE_X56Y61         CARRY4 (Prop_carry4_CI_O[3])
                                                      0.315    14.612 r  vs0/pixel_addr_reg[11]_i_1/O[3]
                         net (fo=2, routed)           0.613    15.225    sram_addr[11]
    SLICE_X57Y61         FDRE                                         r  pixel_addr_reg[11]/D
  -------------------------------------------------------------------    -------------------

                         (clock sys_clk_pin rise edge)
                                                     10.000    10.000 r  
    E3                                                0.000    10.000 r  clk (IN)
                         net (fo=0)                   0.000    10.000    clk
    E3                   IBUF (Prop_ibuf_I_O)         1.418    11.418 r  clk_IBUF_inst/O
                         net (fo=1, routed)           1.862    13.280    clk_IBUF
    BUFGCTRL_X0Y16       BUFG (Prop_bufg_I_O)         0.091    13.371 r  clk_IBUF_BUFG_inst/O
                         net (fo=123, routed)         1.437    14.808    clk_IBUF_BUFG
    SLICE_X57Y61         FDRE                                         r  pixel_addr_reg[11]/C
                         clock pessimism              0.259    15.067    
                         clock uncertainty           -0.035    15.032    
    SLICE_X57Y61         FDRE (Setup_fdre_C_D)       -0.260    14.772    pixel_addr_reg[11]
  -------------------------------------------------------------------
                         required time                         14.772    
                         arrival time                         -15.225    
  -------------------------------------------------------------------
                         slack                                 -0.453    

Slack (VIOLATED) :        -0.281ns  (required time - arrival time)
  Source:                 fish_clock_reg[23]/C
                            (rising edge-triggered cell FDRE clocked by sys_clk_pin  {rise@0.000ns fall@5.000ns period=10.000ns})
  Destination:            pixel_addr_reg[13]_rep/D
                            (rising edge-triggered cell FDRE clocked by sys_clk_pin  {rise@0.000ns fall@5.000ns period=10.000ns})
  Path Group:             sys_clk_pin
  Path Type:              Setup (Max at Slow Process Corner)
  Requirement:            10.000ns  (sys_clk_pin rise@10.000ns - sys_clk_pin rise@0.000ns)
  Data Path Delay:        9.980ns  (logic 6.494ns (65.071%)  route 3.486ns (34.929%))
  Logic Levels:           11  (CARRY4=7 DSP48E1=1 LUT2=1 LUT3=1 LUT6=1)
  Clock Path Skew:        -0.041ns (DCD - SCD + CPR)
    Destination Clock Delay (DCD):    4.806ns = ( 14.806 - 10.000 ) 
    Source Clock Delay      (SCD):    5.106ns
    Clock Pessimism Removal (CPR):    0.259ns
  Clock Uncertainty:      0.035ns  ((TSJ^2 + TIJ^2)^1/2 + DJ) / 2 + PE
    Total System Jitter     (TSJ):    0.071ns
    Total Input Jitter      (TIJ):    0.000ns
    Discrete Jitter          (DJ):    0.000ns
    Phase Error              (PE):    0.000ns

    Location             Delay type                Incr(ns)  Path(ns)    Netlist Resource(s)
  -------------------------------------------------------------------    -------------------
                         (clock sys_clk_pin rise edge)
                                                      0.000     0.000 r  
    E3                                                0.000     0.000 r  clk (IN)
                         net (fo=0)                   0.000     0.000    clk
    E3                   IBUF (Prop_ibuf_I_O)         1.489     1.489 r  clk_IBUF_inst/O
                         net (fo=1, routed)           1.967     3.455    clk_IBUF
    BUFGCTRL_X0Y16       BUFG (Prop_bufg_I_O)         0.096     3.551 r  clk_IBUF_BUFG_inst/O
                         net (fo=123, routed)         1.555     5.106    clk_IBUF_BUFG
    SLICE_X55Y60         FDRE                                         r  fish_clock_reg[23]/C
  -------------------------------------------------------------------    -------------------
    SLICE_X55Y60         FDRE (Prop_fdre_C_Q)         0.456     5.562 r  fish_clock_reg[23]/Q
                         net (fo=10, routed)          0.595     6.157    vs0/p_0_in
    SLICE_X54Y63         LUT2 (Prop_lut2_I1_O)        0.124     6.281 r  vs0/p_0_out_i_30/O
                         net (fo=1, routed)           0.000     6.281    vs0/p_0_out_i_30_n_0
    SLICE_X54Y63         CARRY4 (Prop_carry4_S[3]_CO[3])
                                                      0.376     6.657 r  vs0/p_0_out_i_15/CO[3]
                         net (fo=1, routed)           0.000     6.657    vs0/p_0_out_i_15_n_0
    SLICE_X54Y64         CARRY4 (Prop_carry4_CI_CO[3])
                                                      0.117     6.774 r  vs0/p_0_out_i_7/CO[3]
                         net (fo=1, routed)           0.000     6.774    vs0/p_0_out_i_7_n_0
    SLICE_X54Y65         CARRY4 (Prop_carry4_CI_CO[1])
                                                      0.157     6.931 r  vs0/p_0_out_i_5/CO[1]
                         net (fo=6, routed)           0.739     7.670    vs0/p_0_out_i_5_n_2
    SLICE_X57Y62         LUT6 (Prop_lut6_I0_O)        0.332     8.002 r  vs0/p_0_out_i_2/O
                         net (fo=1, routed)           0.546     8.547    vs0_n_8
    DSP48_X1Y24          DSP48E1 (Prop_dsp48e1_A[6]_P[2])
                                                      3.841    12.388 r  p_0_out/P[2]
                         net (fo=3, routed)           0.660    13.048    vs0/P[2]
    SLICE_X57Y59         LUT3 (Prop_lut3_I1_O)        0.124    13.172 r  vs0/pixel_addr[3]_i_2/O
                         net (fo=1, routed)           0.612    13.784    vs0/pixel_addr[3]_i_2_n_0
    SLICE_X56Y59         CARRY4 (Prop_carry4_DI[3]_CO[3])
                                                      0.396    14.180 r  vs0/pixel_addr_reg[3]_i_1/CO[3]
                         net (fo=1, routed)           0.000    14.180    vs0/pixel_addr_reg[3]_i_1_n_0
    SLICE_X56Y60         CARRY4 (Prop_carry4_CI_CO[3])
                                                      0.117    14.297 r  vs0/pixel_addr_reg[7]_i_1/CO[3]
                         net (fo=1, routed)           0.000    14.297    vs0/pixel_addr_reg[7]_i_1_n_0
    SLICE_X56Y61         CARRY4 (Prop_carry4_CI_CO[3])
                                                      0.117    14.414 r  vs0/pixel_addr_reg[11]_i_1/CO[3]
                         net (fo=1, routed)           0.000    14.414    vs0/pixel_addr_reg[11]_i_1_n_0
    SLICE_X56Y62         CARRY4 (Prop_carry4_CI_O[1])
                                                      0.337    14.751 r  vs0/pixel_addr_reg[15]_i_1/O[1]
                         net (fo=2, routed)           0.335    15.086    sram_addr[13]
    SLICE_X57Y63         FDRE                                         r  pixel_addr_reg[13]_rep/D
  -------------------------------------------------------------------    -------------------

                         (clock sys_clk_pin rise edge)
                                                     10.000    10.000 r  
    E3                                                0.000    10.000 r  clk (IN)
                         net (fo=0)                   0.000    10.000    clk
    E3                   IBUF (Prop_ibuf_I_O)         1.418    11.418 r  clk_IBUF_inst/O
                         net (fo=1, routed)           1.862    13.280    clk_IBUF
    BUFGCTRL_X0Y16       BUFG (Prop_bufg_I_O)         0.091    13.371 r  clk_IBUF_BUFG_inst/O
                         net (fo=123, routed)         1.435    14.806    clk_IBUF_BUFG
    SLICE_X57Y63         FDRE                                         r  pixel_addr_reg[13]_rep/C
                         clock pessimism              0.259    15.065    
                         clock uncertainty           -0.035    15.030    
    SLICE_X57Y63         FDRE (Setup_fdre_C_D)       -0.225    14.805    pixel_addr_reg[13]_rep
  -------------------------------------------------------------------
                         required time                         14.805    
                         arrival time                         -15.086    
  -------------------------------------------------------------------
                         slack                                 -0.281    

Slack (VIOLATED) :        -0.056ns  (required time - arrival time)
  Source:                 fish_clock_reg[23]/C
                            (rising edge-triggered cell FDRE clocked by sys_clk_pin  {rise@0.000ns fall@5.000ns period=10.000ns})
  Destination:            pixel_addr_reg[14]_rep/D
                            (rising edge-triggered cell FDRE clocked by sys_clk_pin  {rise@0.000ns fall@5.000ns period=10.000ns})
  Path Group:             sys_clk_pin
  Path Type:              Setup (Max at Slow Process Corner)
  Requirement:            10.000ns  (sys_clk_pin rise@10.000ns - sys_clk_pin rise@0.000ns)
  Data Path Delay:        9.757ns  (logic 6.413ns (65.728%)  route 3.344ns (34.272%))
  Logic Levels:           11  (CARRY4=7 DSP48E1=1 LUT2=1 LUT3=1 LUT6=1)
  Clock Path Skew:        -0.040ns (DCD - SCD + CPR)
    Destination Clock Delay (DCD):    4.807ns = ( 14.807 - 10.000 ) 
    Source Clock Delay      (SCD):    5.106ns
    Clock Pessimism Removal (CPR):    0.259ns
  Clock Uncertainty:      0.035ns  ((TSJ^2 + TIJ^2)^1/2 + DJ) / 2 + PE
    Total System Jitter     (TSJ):    0.071ns
    Total Input Jitter      (TIJ):    0.000ns
    Discrete Jitter          (DJ):    0.000ns
    Phase Error              (PE):    0.000ns

    Location             Delay type                Incr(ns)  Path(ns)    Netlist Resource(s)
  -------------------------------------------------------------------    -------------------
                         (clock sys_clk_pin rise edge)
                                                      0.000     0.000 r  
    E3                                                0.000     0.000 r  clk (IN)
                         net (fo=0)                   0.000     0.000    clk
    E3                   IBUF (Prop_ibuf_I_O)         1.489     1.489 r  clk_IBUF_inst/O
                         net (fo=1, routed)           1.967     3.455    clk_IBUF
    BUFGCTRL_X0Y16       BUFG (Prop_bufg_I_O)         0.096     3.551 r  clk_IBUF_BUFG_inst/O
                         net (fo=123, routed)         1.555     5.106    clk_IBUF_BUFG
    SLICE_X55Y60         FDRE                                         r  fish_clock_reg[23]/C
  -------------------------------------------------------------------    -------------------
    SLICE_X55Y60         FDRE (Prop_fdre_C_Q)         0.456     5.562 r  fish_clock_reg[23]/Q
                         net (fo=10, routed)          0.595     6.157    vs0/p_0_in
    SLICE_X54Y63         LUT2 (Prop_lut2_I1_O)        0.124     6.281 r  vs0/p_0_out_i_30/O
                         net (fo=1, routed)           0.000     6.281    vs0/p_0_out_i_30_n_0
    SLICE_X54Y63         CARRY4 (Prop_carry4_S[3]_CO[3])
                                                      0.376     6.657 r  vs0/p_0_out_i_15/CO[3]
                         net (fo=1, routed)           0.000     6.657    vs0/p_0_out_i_15_n_0
    SLICE_X54Y64         CARRY4 (Prop_carry4_CI_CO[3])
                                                      0.117     6.774 r  vs0/p_0_out_i_7/CO[3]
                         net (fo=1, routed)           0.000     6.774    vs0/p_0_out_i_7_n_0
    SLICE_X54Y65         CARRY4 (Prop_carry4_CI_CO[1])
                                                      0.157     6.931 r  vs0/p_0_out_i_5/CO[1]
                         net (fo=6, routed)           0.739     7.670    vs0/p_0_out_i_5_n_2
    SLICE_X57Y62         LUT6 (Prop_lut6_I0_O)        0.332     8.002 r  vs0/p_0_out_i_2/O
                         net (fo=1, routed)           0.546     8.547    vs0_n_8
    DSP48_X1Y24          DSP48E1 (Prop_dsp48e1_A[6]_P[2])
                                                      3.841    12.388 r  p_0_out/P[2]
                         net (fo=3, routed)           0.660    13.048    vs0/P[2]
    SLICE_X57Y59         LUT3 (Prop_lut3_I1_O)        0.124    13.172 r  vs0/pixel_addr[3]_i_2/O
                         net (fo=1, routed)           0.612    13.784    vs0/pixel_addr[3]_i_2_n_0
    SLICE_X56Y59         CARRY4 (Prop_carry4_DI[3]_CO[3])
                                                      0.396    14.180 r  vs0/pixel_addr_reg[3]_i_1/CO[3]
                         net (fo=1, routed)           0.000    14.180    vs0/pixel_addr_reg[3]_i_1_n_0
    SLICE_X56Y60         CARRY4 (Prop_carry4_CI_CO[3])
                                                      0.117    14.297 r  vs0/pixel_addr_reg[7]_i_1/CO[3]
                         net (fo=1, routed)           0.000    14.297    vs0/pixel_addr_reg[7]_i_1_n_0
    SLICE_X56Y61         CARRY4 (Prop_carry4_CI_CO[3])
                                                      0.117    14.414 r  vs0/pixel_addr_reg[11]_i_1/CO[3]
                         net (fo=1, routed)           0.000    14.414    vs0/pixel_addr_reg[11]_i_1_n_0
    SLICE_X56Y62         CARRY4 (Prop_carry4_CI_O[2])
                                                      0.256    14.670 r  vs0/pixel_addr_reg[15]_i_1/O[2]
                         net (fo=2, routed)           0.193    14.863    sram_addr[14]
    SLICE_X57Y62         FDRE                                         r  pixel_addr_reg[14]_rep/D
  -------------------------------------------------------------------    -------------------

                         (clock sys_clk_pin rise edge)
                                                     10.000    10.000 r  
    E3                                                0.000    10.000 r  clk (IN)
                         net (fo=0)                   0.000    10.000    clk
    E3                   IBUF (Prop_ibuf_I_O)         1.418    11.418 r  clk_IBUF_inst/O
                         net (fo=1, routed)           1.862    13.280    clk_IBUF
    BUFGCTRL_X0Y16       BUFG (Prop_bufg_I_O)         0.091    13.371 r  clk_IBUF_BUFG_inst/O
                         net (fo=123, routed)         1.436    14.807    clk_IBUF_BUFG
    SLICE_X57Y62         FDRE                                         r  pixel_addr_reg[14]_rep/C
                         clock pessimism              0.259    15.066    
                         clock uncertainty           -0.035    15.031    
    SLICE_X57Y62         FDRE (Setup_fdre_C_D)       -0.224    14.807    pixel_addr_reg[14]_rep
  -------------------------------------------------------------------
                         required time                         14.807    
                         arrival time                         -14.863    
  -------------------------------------------------------------------
                         slack                                 -0.056    

Slack (VIOLATED) :        -0.041ns  (required time - arrival time)
  Source:                 fish_clock_reg[23]/C
                            (rising edge-triggered cell FDRE clocked by sys_clk_pin  {rise@0.000ns fall@5.000ns period=10.000ns})
  Destination:            pixel_addr_reg[5]_rep/D
                            (rising edge-triggered cell FDRE clocked by sys_clk_pin  {rise@0.000ns fall@5.000ns period=10.000ns})
  Path Group:             sys_clk_pin
  Path Type:              Setup (Max at Slow Process Corner)
  Requirement:            10.000ns  (sys_clk_pin rise@10.000ns - sys_clk_pin rise@0.000ns)
  Data Path Delay:        9.746ns  (logic 6.260ns (64.232%)  route 3.486ns (35.768%))
  Logic Levels:           9  (CARRY4=5 DSP48E1=1 LUT2=1 LUT3=1 LUT6=1)
  Clock Path Skew:        -0.038ns (DCD - SCD + CPR)
    Destination Clock Delay (DCD):    4.809ns = ( 14.809 - 10.000 ) 
    Source Clock Delay      (SCD):    5.106ns
    Clock Pessimism Removal (CPR):    0.259ns
  Clock Uncertainty:      0.035ns  ((TSJ^2 + TIJ^2)^1/2 + DJ) / 2 + PE
    Total System Jitter     (TSJ):    0.071ns
    Total Input Jitter      (TIJ):    0.000ns
    Discrete Jitter          (DJ):    0.000ns
    Phase Error              (PE):    0.000ns

    Location             Delay type                Incr(ns)  Path(ns)    Netlist Resource(s)
  -------------------------------------------------------------------    -------------------
                         (clock sys_clk_pin rise edge)
                                                      0.000     0.000 r  
    E3                                                0.000     0.000 r  clk (IN)
                         net (fo=0)                   0.000     0.000    clk
    E3                   IBUF (Prop_ibuf_I_O)         1.489     1.489 r  clk_IBUF_inst/O
                         net (fo=1, routed)           1.967     3.455    clk_IBUF
    BUFGCTRL_X0Y16       BUFG (Prop_bufg_I_O)         0.096     3.551 r  clk_IBUF_BUFG_inst/O
                         net (fo=123, routed)         1.555     5.106    clk_IBUF_BUFG
    SLICE_X55Y60         FDRE                                         r  fish_clock_reg[23]/C
  -------------------------------------------------------------------    -------------------
    SLICE_X55Y60         FDRE (Prop_fdre_C_Q)         0.456     5.562 r  fish_clock_reg[23]/Q
                         net (fo=10, routed)          0.595     6.157    vs0/p_0_in
    SLICE_X54Y63         LUT2 (Prop_lut2_I1_O)        0.124     6.281 r  vs0/p_0_out_i_30/O
                         net (fo=1, routed)           0.000     6.281    vs0/p_0_out_i_30_n_0
    SLICE_X54Y63         CARRY4 (Prop_carry4_S[3]_CO[3])
                                                      0.376     6.657 r  vs0/p_0_out_i_15/CO[3]
                         net (fo=1, routed)           0.000     6.657    vs0/p_0_out_i_15_n_0
    SLICE_X54Y64         CARRY4 (Prop_carry4_CI_CO[3])
                                                      0.117     6.774 r  vs0/p_0_out_i_7/CO[3]
                         net (fo=1, routed)           0.000     6.774    vs0/p_0_out_i_7_n_0
    SLICE_X54Y65         CARRY4 (Prop_carry4_CI_CO[1])
                                                      0.157     6.931 r  vs0/p_0_out_i_5/CO[1]
                         net (fo=6, routed)           0.739     7.670    vs0/p_0_out_i_5_n_2
    SLICE_X57Y62         LUT6 (Prop_lut6_I0_O)        0.332     8.002 r  vs0/p_0_out_i_2/O
                         net (fo=1, routed)           0.546     8.547    vs0_n_8
    DSP48_X1Y24          DSP48E1 (Prop_dsp48e1_A[6]_P[2])
                                                      3.841    12.388 r  p_0_out/P[2]
                         net (fo=3, routed)           0.660    13.048    vs0/P[2]
    SLICE_X57Y59         LUT3 (Prop_lut3_I1_O)        0.124    13.172 r  vs0/pixel_addr[3]_i_2/O
                         net (fo=1, routed)           0.612    13.784    vs0/pixel_addr[3]_i_2_n_0
    SLICE_X56Y59         CARRY4 (Prop_carry4_DI[3]_CO[3])
                                                      0.396    14.180 r  vs0/pixel_addr_reg[3]_i_1/CO[3]
                         net (fo=1, routed)           0.000    14.180    vs0/pixel_addr_reg[3]_i_1_n_0
    SLICE_X56Y60         CARRY4 (Prop_carry4_CI_O[1])
                                                      0.337    14.517 r  vs0/pixel_addr_reg[7]_i_1/O[1]
                         net (fo=2, routed)           0.335    14.852    sram_addr[5]
    SLICE_X57Y59         FDRE                                         r  pixel_addr_reg[5]_rep/D
  -------------------------------------------------------------------    -------------------

                         (clock sys_clk_pin rise edge)
                                                     10.000    10.000 r  
    E3                                                0.000    10.000 r  clk (IN)
                         net (fo=0)                   0.000    10.000    clk
    E3                   IBUF (Prop_ibuf_I_O)         1.418    11.418 r  clk_IBUF_inst/O
                         net (fo=1, routed)           1.862    13.280    clk_IBUF
    BUFGCTRL_X0Y16       BUFG (Prop_bufg_I_O)         0.091    13.371 r  clk_IBUF_BUFG_inst/O
                         net (fo=123, routed)         1.438    14.809    clk_IBUF_BUFG
    SLICE_X57Y59         FDRE                                         r  pixel_addr_reg[5]_rep/C
                         clock pessimism              0.259    15.068    
                         clock uncertainty           -0.035    15.033    
    SLICE_X57Y59         FDRE (Setup_fdre_C_D)       -0.222    14.811    pixel_addr_reg[5]_rep
  -------------------------------------------------------------------
                         required time                         14.811    
                         arrival time                         -14.852    
  -------------------------------------------------------------------
                         slack                                 -0.041    

Slack (VIOLATED) :        -0.030ns  (required time - arrival time)
  Source:                 fish_clock_reg[23]/C
                            (rising edge-triggered cell FDRE clocked by sys_clk_pin  {rise@0.000ns fall@5.000ns period=10.000ns})
  Destination:            pixel_addr_reg[9]_rep/D
                            (rising edge-triggered cell FDRE clocked by sys_clk_pin  {rise@0.000ns fall@5.000ns period=10.000ns})
  Path Group:             sys_clk_pin
  Path Type:              Setup (Max at Slow Process Corner)
  Requirement:            10.000ns  (sys_clk_pin rise@10.000ns - sys_clk_pin rise@0.000ns)
  Data Path Delay:        9.707ns  (logic 6.363ns (65.548%)  route 3.344ns (34.452%))
  Logic Levels:           10  (CARRY4=6 DSP48E1=1 LUT2=1 LUT3=1 LUT6=1)
  Clock Path Skew:        -0.039ns (DCD - SCD + CPR)
    Destination Clock Delay (DCD):    4.808ns = ( 14.808 - 10.000 ) 
    Source Clock Delay      (SCD):    5.106ns
    Clock Pessimism Removal (CPR):    0.259ns
  Clock Uncertainty:      0.035ns  ((TSJ^2 + TIJ^2)^1/2 + DJ) / 2 + PE
    Total System Jitter     (TSJ):    0.071ns
    Total Input Jitter      (TIJ):    0.000ns
    Discrete Jitter          (DJ):    0.000ns
    Phase Error              (PE):    0.000ns

    Location             Delay type                Incr(ns)  Path(ns)    Netlist Resource(s)
  -------------------------------------------------------------------    -------------------
                         (clock sys_clk_pin rise edge)
                                                      0.000     0.000 r  
    E3                                                0.000     0.000 r  clk (IN)
                         net (fo=0)                   0.000     0.000    clk
    E3                   IBUF (Prop_ibuf_I_O)         1.489     1.489 r  clk_IBUF_inst/O
                         net (fo=1, routed)           1.967     3.455    clk_IBUF
    BUFGCTRL_X0Y16       BUFG (Prop_bufg_I_O)         0.096     3.551 r  clk_IBUF_BUFG_inst/O
                         net (fo=123, routed)         1.555     5.106    clk_IBUF_BUFG
    SLICE_X55Y60         FDRE                                         r  fish_clock_reg[23]/C
  -------------------------------------------------------------------    -------------------
    SLICE_X55Y60         FDRE (Prop_fdre_C_Q)         0.456     5.562 r  fish_clock_reg[23]/Q
                         net (fo=10, routed)          0.595     6.157    vs0/p_0_in
    SLICE_X54Y63         LUT2 (Prop_lut2_I1_O)        0.124     6.281 r  vs0/p_0_out_i_30/O
                         net (fo=1, routed)           0.000     6.281    vs0/p_0_out_i_30_n_0
    SLICE_X54Y63         CARRY4 (Prop_carry4_S[3]_CO[3])
                                                      0.376     6.657 r  vs0/p_0_out_i_15/CO[3]
                         net (fo=1, routed)           0.000     6.657    vs0/p_0_out_i_15_n_0
    SLICE_X54Y64         CARRY4 (Prop_carry4_CI_CO[3])
                                                      0.117     6.774 r  vs0/p_0_out_i_7/CO[3]
                         net (fo=1, routed)           0.000     6.774    vs0/p_0_out_i_7_n_0
    SLICE_X54Y65         CARRY4 (Prop_carry4_CI_CO[1])
                                                      0.157     6.931 r  vs0/p_0_out_i_5/CO[1]
                         net (fo=6, routed)           0.739     7.670    vs0/p_0_out_i_5_n_2
    SLICE_X57Y62         LUT6 (Prop_lut6_I0_O)        0.332     8.002 r  vs0/p_0_out_i_2/O
                         net (fo=1, routed)           0.546     8.547    vs0_n_8
    DSP48_X1Y24          DSP48E1 (Prop_dsp48e1_A[6]_P[2])
                                                      3.841    12.388 r  p_0_out/P[2]
                         net (fo=3, routed)           0.660    13.048    vs0/P[2]
    SLICE_X57Y59         LUT3 (Prop_lut3_I1_O)        0.124    13.172 r  vs0/pixel_addr[3]_i_2/O
                         net (fo=1, routed)           0.612    13.784    vs0/pixel_addr[3]_i_2_n_0
    SLICE_X56Y59         CARRY4 (Prop_carry4_DI[3]_CO[3])
                                                      0.396    14.180 r  vs0/pixel_addr_reg[3]_i_1/CO[3]
                         net (fo=1, routed)           0.000    14.180    vs0/pixel_addr_reg[3]_i_1_n_0
    SLICE_X56Y60         CARRY4 (Prop_carry4_CI_CO[3])
                                                      0.117    14.297 r  vs0/pixel_addr_reg[7]_i_1/CO[3]
                         net (fo=1, routed)           0.000    14.297    vs0/pixel_addr_reg[7]_i_1_n_0
    SLICE_X56Y61         CARRY4 (Prop_carry4_CI_O[1])
                                                      0.323    14.620 r  vs0/pixel_addr_reg[11]_i_1/O[1]
                         net (fo=2, routed)           0.193    14.814    sram_addr[9]
    SLICE_X57Y61         FDRE                                         r  pixel_addr_reg[9]_rep/D
  -------------------------------------------------------------------    -------------------

                         (clock sys_clk_pin rise edge)
                                                     10.000    10.000 r  
    E3                                                0.000    10.000 r  clk (IN)
                         net (fo=0)                   0.000    10.000    clk
    E3                   IBUF (Prop_ibuf_I_O)         1.418    11.418 r  clk_IBUF_inst/O
                         net (fo=1, routed)           1.862    13.280    clk_IBUF
    BUFGCTRL_X0Y16       BUFG (Prop_bufg_I_O)         0.091    13.371 r  clk_IBUF_BUFG_inst/O
                         net (fo=123, routed)         1.437    14.808    clk_IBUF_BUFG
    SLICE_X57Y61         FDRE                                         r  pixel_addr_reg[9]_rep/C
                         clock pessimism              0.259    15.067    
                         clock uncertainty           -0.035    15.032    
    SLICE_X57Y61         FDRE (Setup_fdre_C_D)       -0.248    14.784    pixel_addr_reg[9]_rep
  -------------------------------------------------------------------
                         required time                         14.784    
                         arrival time                         -14.814    
  -------------------------------------------------------------------
                         slack                                 -0.030    

Slack (VIOLATED) :        -0.022ns  (required time - arrival time)
  Source:                 fish_clock_reg[23]/C
                            (rising edge-triggered cell FDRE clocked by sys_clk_pin  {rise@0.000ns fall@5.000ns period=10.000ns})
  Destination:            pixel_addr_reg[12]_rep/D
                            (rising edge-triggered cell FDRE clocked by sys_clk_pin  {rise@0.000ns fall@5.000ns period=10.000ns})
  Path Group:             sys_clk_pin
  Path Type:              Setup (Max at Slow Process Corner)
  Requirement:            10.000ns  (sys_clk_pin rise@10.000ns - sys_clk_pin rise@0.000ns)
  Data Path Delay:        9.733ns  (logic 6.389ns (65.644%)  route 3.344ns (34.356%))
  Logic Levels:           11  (CARRY4=7 DSP48E1=1 LUT2=1 LUT3=1 LUT6=1)
  Clock Path Skew:        -0.040ns (DCD - SCD + CPR)
    Destination Clock Delay (DCD):    4.807ns = ( 14.807 - 10.000 ) 
    Source Clock Delay      (SCD):    5.106ns
    Clock Pessimism Removal (CPR):    0.259ns
  Clock Uncertainty:      0.035ns  ((TSJ^2 + TIJ^2)^1/2 + DJ) / 2 + PE
    Total System Jitter     (TSJ):    0.071ns
    Total Input Jitter      (TIJ):    0.000ns
    Discrete Jitter          (DJ):    0.000ns
    Phase Error              (PE):    0.000ns

    Location             Delay type                Incr(ns)  Path(ns)    Netlist Resource(s)
  -------------------------------------------------------------------    -------------------
                         (clock sys_clk_pin rise edge)
                                                      0.000     0.000 r  
    E3                                                0.000     0.000 r  clk (IN)
                         net (fo=0)                   0.000     0.000    clk
    E3                   IBUF (Prop_ibuf_I_O)         1.489     1.489 r  clk_IBUF_inst/O
                         net (fo=1, routed)           1.967     3.455    clk_IBUF
    BUFGCTRL_X0Y16       BUFG (Prop_bufg_I_O)         0.096     3.551 r  clk_IBUF_BUFG_inst/O
                         net (fo=123, routed)         1.555     5.106    clk_IBUF_BUFG
    SLICE_X55Y60         FDRE                                         r  fish_clock_reg[23]/C
  -------------------------------------------------------------------    -------------------
    SLICE_X55Y60         FDRE (Prop_fdre_C_Q)         0.456     5.562 r  fish_clock_reg[23]/Q
                         net (fo=10, routed)          0.595     6.157    vs0/p_0_in
    SLICE_X54Y63         LUT2 (Prop_lut2_I1_O)        0.124     6.281 r  vs0/p_0_out_i_30/O
                         net (fo=1, routed)           0.000     6.281    vs0/p_0_out_i_30_n_0
    SLICE_X54Y63         CARRY4 (Prop_carry4_S[3]_CO[3])
                                                      0.376     6.657 r  vs0/p_0_out_i_15/CO[3]
                         net (fo=1, routed)           0.000     6.657    vs0/p_0_out_i_15_n_0
    SLICE_X54Y64         CARRY4 (Prop_carry4_CI_CO[3])
                                                      0.117     6.774 r  vs0/p_0_out_i_7/CO[3]
                         net (fo=1, routed)           0.000     6.774    vs0/p_0_out_i_7_n_0
    SLICE_X54Y65         CARRY4 (Prop_carry4_CI_CO[1])
                                                      0.157     6.931 r  vs0/p_0_out_i_5/CO[1]
                         net (fo=6, routed)           0.739     7.670    vs0/p_0_out_i_5_n_2
    SLICE_X57Y62         LUT6 (Prop_lut6_I0_O)        0.332     8.002 r  vs0/p_0_out_i_2/O
                         net (fo=1, routed)           0.546     8.547    vs0_n_8
    DSP48_X1Y24          DSP48E1 (Prop_dsp48e1_A[6]_P[2])
                                                      3.841    12.388 r  p_0_out/P[2]
                         net (fo=3, routed)           0.660    13.048    vs0/P[2]
    SLICE_X57Y59         LUT3 (Prop_lut3_I1_O)        0.124    13.172 r  vs0/pixel_addr[3]_i_2/O
                         net (fo=1, routed)           0.612    13.784    vs0/pixel_addr[3]_i_2_n_0
    SLICE_X56Y59         CARRY4 (Prop_carry4_DI[3]_CO[3])
                                                      0.396    14.180 r  vs0/pixel_addr_reg[3]_i_1/CO[3]
                         net (fo=1, routed)           0.000    14.180    vs0/pixel_addr_reg[3]_i_1_n_0
    SLICE_X56Y60         CARRY4 (Prop_carry4_CI_CO[3])
                                                      0.117    14.297 r  vs0/pixel_addr_reg[7]_i_1/CO[3]
                         net (fo=1, routed)           0.000    14.297    vs0/pixel_addr_reg[7]_i_1_n_0
    SLICE_X56Y61         CARRY4 (Prop_carry4_CI_CO[3])
                                                      0.117    14.414 r  vs0/pixel_addr_reg[11]_i_1/CO[3]
                         net (fo=1, routed)           0.000    14.414    vs0/pixel_addr_reg[11]_i_1_n_0
    SLICE_X56Y62         CARRY4 (Prop_carry4_CI_O[0])
                                                      0.232    14.646 r  vs0/pixel_addr_reg[15]_i_1/O[0]
                         net (fo=2, routed)           0.193    14.839    sram_addr[12]
    SLICE_X57Y62         FDRE                                         r  pixel_addr_reg[12]_rep/D
  -------------------------------------------------------------------    -------------------

                         (clock sys_clk_pin rise edge)
                                                     10.000    10.000 r  
    E3                                                0.000    10.000 r  clk (IN)
                         net (fo=0)                   0.000    10.000    clk
    E3                   IBUF (Prop_ibuf_I_O)         1.418    11.418 r  clk_IBUF_inst/O
                         net (fo=1, routed)           1.862    13.280    clk_IBUF
    BUFGCTRL_X0Y16       BUFG (Prop_bufg_I_O)         0.091    13.371 r  clk_IBUF_BUFG_inst/O
                         net (fo=123, routed)         1.436    14.807    clk_IBUF_BUFG
    SLICE_X57Y62         FDRE                                         r  pixel_addr_reg[12]_rep/C
                         clock pessimism              0.259    15.066    
                         clock uncertainty           -0.035    15.031    
    SLICE_X57Y62         FDRE (Setup_fdre_C_D)       -0.214    14.817    pixel_addr_reg[12]_rep
  -------------------------------------------------------------------
                         required time                         14.817    
                         arrival time                         -14.839    
  -------------------------------------------------------------------
                         slack                                 -0.022    

Slack (VIOLATED) :        -0.018ns  (required time - arrival time)
  Source:                 fish_clock_reg[23]/C
                            (rising edge-triggered cell FDRE clocked by sys_clk_pin  {rise@0.000ns fall@5.000ns period=10.000ns})
  Destination:            pixel_addr_reg[9]/D
                            (rising edge-triggered cell FDRE clocked by sys_clk_pin  {rise@0.000ns fall@5.000ns period=10.000ns})
  Path Group:             sys_clk_pin
  Path Type:              Setup (Max at Slow Process Corner)
  Requirement:            10.000ns  (sys_clk_pin rise@10.000ns - sys_clk_pin rise@0.000ns)
  Data Path Delay:        9.707ns  (logic 6.363ns (65.548%)  route 3.344ns (34.452%))
  Logic Levels:           10  (CARRY4=6 DSP48E1=1 LUT2=1 LUT3=1 LUT6=1)
  Clock Path Skew:        -0.039ns (DCD - SCD + CPR)
    Destination Clock Delay (DCD):    4.808ns = ( 14.808 - 10.000 ) 
    Source Clock Delay      (SCD):    5.106ns
    Clock Pessimism Removal (CPR):    0.259ns
  Clock Uncertainty:      0.035ns  ((TSJ^2 + TIJ^2)^1/2 + DJ) / 2 + PE
    Total System Jitter     (TSJ):    0.071ns
    Total Input Jitter      (TIJ):    0.000ns
    Discrete Jitter          (DJ):    0.000ns
    Phase Error              (PE):    0.000ns

    Location             Delay type                Incr(ns)  Path(ns)    Netlist Resource(s)
  -------------------------------------------------------------------    -------------------
                         (clock sys_clk_pin rise edge)
                                                      0.000     0.000 r  
    E3                                                0.000     0.000 r  clk (IN)
                         net (fo=0)                   0.000     0.000    clk
    E3                   IBUF (Prop_ibuf_I_O)         1.489     1.489 r  clk_IBUF_inst/O
                         net (fo=1, routed)           1.967     3.455    clk_IBUF
    BUFGCTRL_X0Y16       BUFG (Prop_bufg_I_O)         0.096     3.551 r  clk_IBUF_BUFG_inst/O
                         net (fo=123, routed)         1.555     5.106    clk_IBUF_BUFG
    SLICE_X55Y60         FDRE                                         r  fish_clock_reg[23]/C
  -------------------------------------------------------------------    -------------------
    SLICE_X55Y60         FDRE (Prop_fdre_C_Q)         0.456     5.562 r  fish_clock_reg[23]/Q
                         net (fo=10, routed)          0.595     6.157    vs0/p_0_in
    SLICE_X54Y63         LUT2 (Prop_lut2_I1_O)        0.124     6.281 r  vs0/p_0_out_i_30/O
                         net (fo=1, routed)           0.000     6.281    vs0/p_0_out_i_30_n_0
    SLICE_X54Y63         CARRY4 (Prop_carry4_S[3]_CO[3])
                                                      0.376     6.657 r  vs0/p_0_out_i_15/CO[3]
                         net (fo=1, routed)           0.000     6.657    vs0/p_0_out_i_15_n_0
    SLICE_X54Y64         CARRY4 (Prop_carry4_CI_CO[3])
                                                      0.117     6.774 r  vs0/p_0_out_i_7/CO[3]
                         net (fo=1, routed)           0.000     6.774    vs0/p_0_out_i_7_n_0
    SLICE_X54Y65         CARRY4 (Prop_carry4_CI_CO[1])
                                                      0.157     6.931 r  vs0/p_0_out_i_5/CO[1]
                         net (fo=6, routed)           0.739     7.670    vs0/p_0_out_i_5_n_2
    SLICE_X57Y62         LUT6 (Prop_lut6_I0_O)        0.332     8.002 r  vs0/p_0_out_i_2/O
                         net (fo=1, routed)           0.546     8.547    vs0_n_8
    DSP48_X1Y24          DSP48E1 (Prop_dsp48e1_A[6]_P[2])
                                                      3.841    12.388 r  p_0_out/P[2]
                         net (fo=3, routed)           0.660    13.048    vs0/P[2]
    SLICE_X57Y59         LUT3 (Prop_lut3_I1_O)        0.124    13.172 r  vs0/pixel_addr[3]_i_2/O
                         net (fo=1, routed)           0.612    13.784    vs0/pixel_addr[3]_i_2_n_0
    SLICE_X56Y59         CARRY4 (Prop_carry4_DI[3]_CO[3])
                                                      0.396    14.180 r  vs0/pixel_addr_reg[3]_i_1/CO[3]
                         net (fo=1, routed)           0.000    14.180    vs0/pixel_addr_reg[3]_i_1_n_0
    SLICE_X56Y60         CARRY4 (Prop_carry4_CI_CO[3])
                                                      0.117    14.297 r  vs0/pixel_addr_reg[7]_i_1/CO[3]
                         net (fo=1, routed)           0.000    14.297    vs0/pixel_addr_reg[7]_i_1_n_0
    SLICE_X56Y61         CARRY4 (Prop_carry4_CI_O[1])
                                                      0.323    14.620 r  vs0/pixel_addr_reg[11]_i_1/O[1]
                         net (fo=2, routed)           0.193    14.814    sram_addr[9]
    SLICE_X57Y61         FDRE                                         r  pixel_addr_reg[9]/D
  -------------------------------------------------------------------    -------------------

                         (clock sys_clk_pin rise edge)
                                                     10.000    10.000 r  
    E3                                                0.000    10.000 r  clk (IN)
                         net (fo=0)                   0.000    10.000    clk
    E3                   IBUF (Prop_ibuf_I_O)         1.418    11.418 r  clk_IBUF_inst/O
                         net (fo=1, routed)           1.862    13.280    clk_IBUF
    BUFGCTRL_X0Y16       BUFG (Prop_bufg_I_O)         0.091    13.371 r  clk_IBUF_BUFG_inst/O
                         net (fo=123, routed)         1.437    14.808    clk_IBUF_BUFG
    SLICE_X57Y61         FDRE                                         r  pixel_addr_reg[9]/C
                         clock pessimism              0.259    15.067    
                         clock uncertainty           -0.035    15.032    
    SLICE_X57Y61         FDRE (Setup_fdre_C_D)       -0.236    14.796    pixel_addr_reg[9]
  -------------------------------------------------------------------
                         required time                         14.796    
                         arrival time                         -14.814    
  -------------------------------------------------------------------
                         slack                                 -0.018    

Slack (MET) :             0.051ns  (required time - arrival time)
  Source:                 fish_clock_reg[23]/C
                            (rising edge-triggered cell FDRE clocked by sys_clk_pin  {rise@0.000ns fall@5.000ns period=10.000ns})
  Destination:            pixel_addr_reg[10]_rep/D
                            (rising edge-triggered cell FDRE clocked by sys_clk_pin  {rise@0.000ns fall@5.000ns period=10.000ns})
  Path Group:             sys_clk_pin
  Path Type:              Setup (Max at Slow Process Corner)
  Requirement:            10.000ns  (sys_clk_pin rise@10.000ns - sys_clk_pin rise@0.000ns)
  Data Path Delay:        9.623ns  (logic 6.279ns (65.251%)  route 3.344ns (34.749%))
  Logic Levels:           10  (CARRY4=6 DSP48E1=1 LUT2=1 LUT3=1 LUT6=1)
  Clock Path Skew:        -0.039ns (DCD - SCD + CPR)
    Destination Clock Delay (DCD):    4.808ns = ( 14.808 - 10.000 ) 
    Source Clock Delay      (SCD):    5.106ns
    Clock Pessimism Removal (CPR):    0.259ns
  Clock Uncertainty:      0.035ns  ((TSJ^2 + TIJ^2)^1/2 + DJ) / 2 + PE
    Total System Jitter     (TSJ):    0.071ns
    Total Input Jitter      (TIJ):    0.000ns
    Discrete Jitter          (DJ):    0.000ns
    Phase Error              (PE):    0.000ns

    Location             Delay type                Incr(ns)  Path(ns)    Netlist Resource(s)
  -------------------------------------------------------------------    -------------------
                         (clock sys_clk_pin rise edge)
                                                      0.000     0.000 r  
    E3                                                0.000     0.000 r  clk (IN)
                         net (fo=0)                   0.000     0.000    clk
    E3                   IBUF (Prop_ibuf_I_O)         1.489     1.489 r  clk_IBUF_inst/O
                         net (fo=1, routed)           1.967     3.455    clk_IBUF
    BUFGCTRL_X0Y16       BUFG (Prop_bufg_I_O)         0.096     3.551 r  clk_IBUF_BUFG_inst/O
                         net (fo=123, routed)         1.555     5.106    clk_IBUF_BUFG
    SLICE_X55Y60         FDRE                                         r  fish_clock_reg[23]/C
  -------------------------------------------------------------------    -------------------
    SLICE_X55Y60         FDRE (Prop_fdre_C_Q)         0.456     5.562 r  fish_clock_reg[23]/Q
                         net (fo=10, routed)          0.595     6.157    vs0/p_0_in
    SLICE_X54Y63         LUT2 (Prop_lut2_I1_O)        0.124     6.281 r  vs0/p_0_out_i_30/O
                         net (fo=1, routed)           0.000     6.281    vs0/p_0_out_i_30_n_0
    SLICE_X54Y63         CARRY4 (Prop_carry4_S[3]_CO[3])
                                                      0.376     6.657 r  vs0/p_0_out_i_15/CO[3]
                         net (fo=1, routed)           0.000     6.657    vs0/p_0_out_i_15_n_0
    SLICE_X54Y64         CARRY4 (Prop_carry4_CI_CO[3])
                                                      0.117     6.774 r  vs0/p_0_out_i_7/CO[3]
                         net (fo=1, routed)           0.000     6.774    vs0/p_0_out_i_7_n_0
    SLICE_X54Y65         CARRY4 (Prop_carry4_CI_CO[1])
                                                      0.157     6.931 r  vs0/p_0_out_i_5/CO[1]
                         net (fo=6, routed)           0.739     7.670    vs0/p_0_out_i_5_n_2
    SLICE_X57Y62         LUT6 (Prop_lut6_I0_O)        0.332     8.002 r  vs0/p_0_out_i_2/O
                         net (fo=1, routed)           0.546     8.547    vs0_n_8
    DSP48_X1Y24          DSP48E1 (Prop_dsp48e1_A[6]_P[2])
                                                      3.841    12.388 r  p_0_out/P[2]
                         net (fo=3, routed)           0.660    13.048    vs0/P[2]
    SLICE_X57Y59         LUT3 (Prop_lut3_I1_O)        0.124    13.172 r  vs0/pixel_addr[3]_i_2/O
                         net (fo=1, routed)           0.612    13.784    vs0/pixel_addr[3]_i_2_n_0
    SLICE_X56Y59         CARRY4 (Prop_carry4_DI[3]_CO[3])
                                                      0.396    14.180 r  vs0/pixel_addr_reg[3]_i_1/CO[3]
                         net (fo=1, routed)           0.000    14.180    vs0/pixel_addr_reg[3]_i_1_n_0
    SLICE_X56Y60         CARRY4 (Prop_carry4_CI_CO[3])
                                                      0.117    14.297 r  vs0/pixel_addr_reg[7]_i_1/CO[3]
                         net (fo=1, routed)           0.000    14.297    vs0/pixel_addr_reg[7]_i_1_n_0
    SLICE_X56Y61         CARRY4 (Prop_carry4_CI_O[2])
                                                      0.239    14.536 r  vs0/pixel_addr_reg[11]_i_1/O[2]
                         net (fo=2, routed)           0.193    14.729    sram_addr[10]
    SLICE_X57Y61         FDRE                                         r  pixel_addr_reg[10]_rep/D
  -------------------------------------------------------------------    -------------------

                         (clock sys_clk_pin rise edge)
                                                     10.000    10.000 r  
    E3                                                0.000    10.000 r  clk (IN)
                         net (fo=0)                   0.000    10.000    clk
    E3                   IBUF (Prop_ibuf_I_O)         1.418    11.418 r  clk_IBUF_inst/O
                         net (fo=1, routed)           1.862    13.280    clk_IBUF
    BUFGCTRL_X0Y16       BUFG (Prop_bufg_I_O)         0.091    13.371 r  clk_IBUF_BUFG_inst/O
                         net (fo=123, routed)         1.437    14.808    clk_IBUF_BUFG
    SLICE_X57Y61         FDRE                                         r  pixel_addr_reg[10]_rep/C
                         clock pessimism              0.259    15.067    
                         clock uncertainty           -0.035    15.032    
    SLICE_X57Y61         FDRE (Setup_fdre_C_D)       -0.252    14.780    pixel_addr_reg[10]_rep
  -------------------------------------------------------------------
                         required time                         14.780    
                         arrival time                         -14.729    
  -------------------------------------------------------------------
                         slack                                  0.051    

Slack (MET) :             0.063ns  (required time - arrival time)
  Source:                 fish_clock_reg[23]/C
                            (rising edge-triggered cell FDRE clocked by sys_clk_pin  {rise@0.000ns fall@5.000ns period=10.000ns})
  Destination:            pixel_addr_reg[10]/D
                            (rising edge-triggered cell FDRE clocked by sys_clk_pin  {rise@0.000ns fall@5.000ns period=10.000ns})
  Path Group:             sys_clk_pin
  Path Type:              Setup (Max at Slow Process Corner)
  Requirement:            10.000ns  (sys_clk_pin rise@10.000ns - sys_clk_pin rise@0.000ns)
  Data Path Delay:        9.623ns  (logic 6.279ns (65.251%)  route 3.344ns (34.749%))
  Logic Levels:           10  (CARRY4=6 DSP48E1=1 LUT2=1 LUT3=1 LUT6=1)
  Clock Path Skew:        -0.039ns (DCD - SCD + CPR)
    Destination Clock Delay (DCD):    4.808ns = ( 14.808 - 10.000 ) 
    Source Clock Delay      (SCD):    5.106ns
    Clock Pessimism Removal (CPR):    0.259ns
  Clock Uncertainty:      0.035ns  ((TSJ^2 + TIJ^2)^1/2 + DJ) / 2 + PE
    Total System Jitter     (TSJ):    0.071ns
    Total Input Jitter      (TIJ):    0.000ns
    Discrete Jitter          (DJ):    0.000ns
    Phase Error              (PE):    0.000ns

    Location             Delay type                Incr(ns)  Path(ns)    Netlist Resource(s)
  -------------------------------------------------------------------    -------------------
                         (clock sys_clk_pin rise edge)
                                                      0.000     0.000 r  
    E3                                                0.000     0.000 r  clk (IN)
                         net (fo=0)                   0.000     0.000    clk
    E3                   IBUF (Prop_ibuf_I_O)         1.489     1.489 r  clk_IBUF_inst/O
                         net (fo=1, routed)           1.967     3.455    clk_IBUF
    BUFGCTRL_X0Y16       BUFG (Prop_bufg_I_O)         0.096     3.551 r  clk_IBUF_BUFG_inst/O
                         net (fo=123, routed)         1.555     5.106    clk_IBUF_BUFG
    SLICE_X55Y60         FDRE                                         r  fish_clock_reg[23]/C
  -------------------------------------------------------------------    -------------------
    SLICE_X55Y60         FDRE (Prop_fdre_C_Q)         0.456     5.562 r  fish_clock_reg[23]/Q
                         net (fo=10, routed)          0.595     6.157    vs0/p_0_in
    SLICE_X54Y63         LUT2 (Prop_lut2_I1_O)        0.124     6.281 r  vs0/p_0_out_i_30/O
                         net (fo=1, routed)           0.000     6.281    vs0/p_0_out_i_30_n_0
    SLICE_X54Y63         CARRY4 (Prop_carry4_S[3]_CO[3])
                                                      0.376     6.657 r  vs0/p_0_out_i_15/CO[3]
                         net (fo=1, routed)           0.000     6.657    vs0/p_0_out_i_15_n_0
    SLICE_X54Y64         CARRY4 (Prop_carry4_CI_CO[3])
                                                      0.117     6.774 r  vs0/p_0_out_i_7/CO[3]
                         net (fo=1, routed)           0.000     6.774    vs0/p_0_out_i_7_n_0
    SLICE_X54Y65         CARRY4 (Prop_carry4_CI_CO[1])
                                                      0.157     6.931 r  vs0/p_0_out_i_5/CO[1]
                         net (fo=6, routed)           0.739     7.670    vs0/p_0_out_i_5_n_2
    SLICE_X57Y62         LUT6 (Prop_lut6_I0_O)        0.332     8.002 r  vs0/p_0_out_i_2/O
                         net (fo=1, routed)           0.546     8.547    vs0_n_8
    DSP48_X1Y24          DSP48E1 (Prop_dsp48e1_A[6]_P[2])
                                                      3.841    12.388 r  p_0_out/P[2]
                         net (fo=3, routed)           0.660    13.048    vs0/P[2]
    SLICE_X57Y59         LUT3 (Prop_lut3_I1_O)        0.124    13.172 r  vs0/pixel_addr[3]_i_2/O
                         net (fo=1, routed)           0.612    13.784    vs0/pixel_addr[3]_i_2_n_0
    SLICE_X56Y59         CARRY4 (Prop_carry4_DI[3]_CO[3])
                                                      0.396    14.180 r  vs0/pixel_addr_reg[3]_i_1/CO[3]
                         net (fo=1, routed)           0.000    14.180    vs0/pixel_addr_reg[3]_i_1_n_0
    SLICE_X56Y60         CARRY4 (Prop_carry4_CI_CO[3])
                                                      0.117    14.297 r  vs0/pixel_addr_reg[7]_i_1/CO[3]
                         net (fo=1, routed)           0.000    14.297    vs0/pixel_addr_reg[7]_i_1_n_0
    SLICE_X56Y61         CARRY4 (Prop_carry4_CI_O[2])
                                                      0.239    14.536 r  vs0/pixel_addr_reg[11]_i_1/O[2]
                         net (fo=2, routed)           0.193    14.729    sram_addr[10]
    SLICE_X57Y61         FDRE                                         r  pixel_addr_reg[10]/D
  -------------------------------------------------------------------    -------------------

                         (clock sys_clk_pin rise edge)
                                                     10.000    10.000 r  
    E3                                                0.000    10.000 r  clk (IN)
                         net (fo=0)                   0.000    10.000    clk
    E3                   IBUF (Prop_ibuf_I_O)         1.418    11.418 r  clk_IBUF_inst/O
                         net (fo=1, routed)           1.862    13.280    clk_IBUF
    BUFGCTRL_X0Y16       BUFG (Prop_bufg_I_O)         0.091    13.371 r  clk_IBUF_BUFG_inst/O
                         net (fo=123, routed)         1.437    14.808    clk_IBUF_BUFG
    SLICE_X57Y61         FDRE                                         r  pixel_addr_reg[10]/C
                         clock pessimism              0.259    15.067    
                         clock uncertainty           -0.035    15.032    
    SLICE_X57Y61         FDRE (Setup_fdre_C_D)       -0.240    14.792    pixel_addr_reg[10]
  -------------------------------------------------------------------
                         required time                         14.792    
                         arrival time                         -14.729    
  -------------------------------------------------------------------
                         slack                                  0.063    





Min Delay Paths
--------------------------------------------------------------------------------------
Slack (MET) :             0.075ns  (arrival time - required time)
  Source:                 pixel_addr_reg[11]_rep/C
                            (rising edge-triggered cell FDRE clocked by sys_clk_pin  {rise@0.000ns fall@5.000ns period=10.000ns})
  Destination:            ram0/RAM_reg_1_8__0/ADDRARDADDR[11]
                            (rising edge-triggered cell RAMB36E1 clocked by sys_clk_pin  {rise@0.000ns fall@5.000ns period=10.000ns})
  Path Group:             sys_clk_pin
  Path Type:              Hold (Min at Fast Process Corner)
  Requirement:            0.000ns  (sys_clk_pin rise@0.000ns - sys_clk_pin rise@0.000ns)
  Data Path Delay:        0.313ns  (logic 0.141ns (45.012%)  route 0.172ns (54.988%))
  Logic Levels:           0  
  Clock Path Skew:        0.055ns (DCD - SCD - CPR)
    Destination Clock Delay (DCD):    2.028ns
    Source Clock Delay      (SCD):    1.475ns
    Clock Pessimism Removal (CPR):    0.497ns

    Location             Delay type                Incr(ns)  Path(ns)    Netlist Resource(s)
  -------------------------------------------------------------------    -------------------
                         (clock sys_clk_pin rise edge)
                                                      0.000     0.000 r  
    E3                                                0.000     0.000 r  clk (IN)
                         net (fo=0)                   0.000     0.000    clk
    E3                   IBUF (Prop_ibuf_I_O)         0.257     0.257 r  clk_IBUF_inst/O
                         net (fo=1, routed)           0.631     0.888    clk_IBUF
    BUFGCTRL_X0Y16       BUFG (Prop_bufg_I_O)         0.026     0.914 r  clk_IBUF_BUFG_inst/O
                         net (fo=123, routed)         0.562     1.475    clk_IBUF_BUFG
    SLICE_X57Y61         FDRE                                         r  pixel_addr_reg[11]_rep/C
  -------------------------------------------------------------------    -------------------
    SLICE_X57Y61         FDRE (Prop_fdre_C_Q)         0.141     1.616 r  pixel_addr_reg[11]_rep/Q
                         net (fo=12, routed)          0.172     1.789    ram0/addr[11]
    RAMB36_X2Y12         RAMB36E1                                     r  ram0/RAM_reg_1_8__0/ADDRARDADDR[11]
  -------------------------------------------------------------------    -------------------

                         (clock sys_clk_pin rise edge)
                                                      0.000     0.000 r  
    E3                                                0.000     0.000 r  clk (IN)
                         net (fo=0)                   0.000     0.000    clk
    E3                   IBUF (Prop_ibuf_I_O)         0.445     0.445 r  clk_IBUF_inst/O
                         net (fo=1, routed)           0.685     1.129    clk_IBUF
    BUFGCTRL_X0Y16       BUFG (Prop_bufg_I_O)         0.029     1.158 r  clk_IBUF_BUFG_inst/O
                         net (fo=123, routed)         0.870     2.028    ram0/clk_IBUF_BUFG
    RAMB36_X2Y12         RAMB36E1                                     r  ram0/RAM_reg_1_8__0/CLKARDCLK
                         clock pessimism             -0.497     1.531    
    RAMB36_X2Y12         RAMB36E1 (Hold_ramb36e1_CLKARDCLK_ADDRARDADDR[11])
                                                      0.183     1.714    ram0/RAM_reg_1_8__0
  -------------------------------------------------------------------
                         required time                         -1.714    
                         arrival time                           1.789    
  -------------------------------------------------------------------
                         slack                                  0.075    

Slack (MET) :             0.106ns  (arrival time - required time)
  Source:                 pixel_addr_reg[5]/C
                            (rising edge-triggered cell FDRE clocked by sys_clk_pin  {rise@0.000ns fall@5.000ns period=10.000ns})
  Destination:            ram0/RAM_reg_1_4__0/ADDRARDADDR[5]
                            (rising edge-triggered cell RAMB36E1 clocked by sys_clk_pin  {rise@0.000ns fall@5.000ns period=10.000ns})
  Path Group:             sys_clk_pin
  Path Type:              Hold (Min at Fast Process Corner)
  Requirement:            0.000ns  (sys_clk_pin rise@0.000ns - sys_clk_pin rise@0.000ns)
  Data Path Delay:        0.608ns  (logic 0.164ns (26.972%)  route 0.444ns (73.028%))
  Logic Levels:           0  
  Clock Path Skew:        0.319ns (DCD - SCD - CPR)
    Destination Clock Delay (DCD):    2.039ns
    Source Clock Delay      (SCD):    1.475ns
    Clock Pessimism Removal (CPR):    0.245ns

    Location             Delay type                Incr(ns)  Path(ns)    Netlist Resource(s)
  -------------------------------------------------------------------    -------------------
                         (clock sys_clk_pin rise edge)
                                                      0.000     0.000 r  
    E3                                                0.000     0.000 r  clk (IN)
                         net (fo=0)                   0.000     0.000    clk
    E3                   IBUF (Prop_ibuf_I_O)         0.257     0.257 r  clk_IBUF_inst/O
                         net (fo=1, routed)           0.631     0.888    clk_IBUF
    BUFGCTRL_X0Y16       BUFG (Prop_bufg_I_O)         0.026     0.914 r  clk_IBUF_BUFG_inst/O
                         net (fo=123, routed)         0.562     1.475    clk_IBUF_BUFG
    SLICE_X56Y60         FDRE                                         r  pixel_addr_reg[5]/C
  -------------------------------------------------------------------    -------------------
    SLICE_X56Y60         FDRE (Prop_fdre_C_Q)         0.164     1.639 r  pixel_addr_reg[5]/Q
                         net (fo=23, routed)          0.444     2.084    ram0/Q[5]
    RAMB36_X1Y9          RAMB36E1                                     r  ram0/RAM_reg_1_4__0/ADDRARDADDR[5]
  -------------------------------------------------------------------    -------------------

                         (clock sys_clk_pin rise edge)
                                                      0.000     0.000 r  
    E3                                                0.000     0.000 r  clk (IN)
                         net (fo=0)                   0.000     0.000    clk
    E3                   IBUF (Prop_ibuf_I_O)         0.445     0.445 r  clk_IBUF_inst/O
                         net (fo=1, routed)           0.685     1.129    clk_IBUF
    BUFGCTRL_X0Y16       BUFG (Prop_bufg_I_O)         0.029     1.158 r  clk_IBUF_BUFG_inst/O
                         net (fo=123, routed)         0.881     2.039    ram0/clk_IBUF_BUFG
    RAMB36_X1Y9          RAMB36E1                                     r  ram0/RAM_reg_1_4__0/CLKARDCLK
                         clock pessimism             -0.245     1.795    
    RAMB36_X1Y9          RAMB36E1 (Hold_ramb36e1_CLKARDCLK_ADDRARDADDR[5])
                                                      0.183     1.978    ram0/RAM_reg_1_4__0
  -------------------------------------------------------------------
                         required time                         -1.978    
                         arrival time                           2.084    
  -------------------------------------------------------------------
                         slack                                  0.106    

Slack (MET) :             0.106ns  (arrival time - required time)
  Source:                 pixel_addr_reg[0]/C
                            (rising edge-triggered cell FDRE clocked by sys_clk_pin  {rise@0.000ns fall@5.000ns period=10.000ns})
  Destination:            ram0/RAM_reg_1_4__0/ADDRARDADDR[0]
                            (rising edge-triggered cell RAMB36E1 clocked by sys_clk_pin  {rise@0.000ns fall@5.000ns period=10.000ns})
  Path Group:             sys_clk_pin
  Path Type:              Hold (Min at Fast Process Corner)
  Requirement:            0.000ns  (sys_clk_pin rise@0.000ns - sys_clk_pin rise@0.000ns)
  Data Path Delay:        0.608ns  (logic 0.164ns (26.988%)  route 0.444ns (73.012%))
  Logic Levels:           0  
  Clock Path Skew:        0.318ns (DCD - SCD - CPR)
    Destination Clock Delay (DCD):    2.039ns
    Source Clock Delay      (SCD):    1.476ns
    Clock Pessimism Removal (CPR):    0.245ns

    Location             Delay type                Incr(ns)  Path(ns)    Netlist Resource(s)
  -------------------------------------------------------------------    -------------------
                         (clock sys_clk_pin rise edge)
                                                      0.000     0.000 r  
    E3                                                0.000     0.000 r  clk (IN)
                         net (fo=0)                   0.000     0.000    clk
    E3                   IBUF (Prop_ibuf_I_O)         0.257     0.257 r  clk_IBUF_inst/O
                         net (fo=1, routed)           0.631     0.888    clk_IBUF
    BUFGCTRL_X0Y16       BUFG (Prop_bufg_I_O)         0.026     0.914 r  clk_IBUF_BUFG_inst/O
                         net (fo=123, routed)         0.563     1.476    clk_IBUF_BUFG
    SLICE_X56Y59         FDRE                                         r  pixel_addr_reg[0]/C
  -------------------------------------------------------------------    -------------------
    SLICE_X56Y59         FDRE (Prop_fdre_C_Q)         0.164     1.640 r  pixel_addr_reg[0]/Q
                         net (fo=23, routed)          0.444     2.084    ram0/Q[0]
    RAMB36_X1Y9          RAMB36E1                                     r  ram0/RAM_reg_1_4__0/ADDRARDADDR[0]
  -------------------------------------------------------------------    -------------------

                         (clock sys_clk_pin rise edge)
                                                      0.000     0.000 r  
    E3                                                0.000     0.000 r  clk (IN)
                         net (fo=0)                   0.000     0.000    clk
    E3                   IBUF (Prop_ibuf_I_O)         0.445     0.445 r  clk_IBUF_inst/O
                         net (fo=1, routed)           0.685     1.129    clk_IBUF
    BUFGCTRL_X0Y16       BUFG (Prop_bufg_I_O)         0.029     1.158 r  clk_IBUF_BUFG_inst/O
                         net (fo=123, routed)         0.881     2.039    ram0/clk_IBUF_BUFG
    RAMB36_X1Y9          RAMB36E1                                     r  ram0/RAM_reg_1_4__0/CLKARDCLK
                         clock pessimism             -0.245     1.795    
    RAMB36_X1Y9          RAMB36E1 (Hold_ramb36e1_CLKARDCLK_ADDRARDADDR[0])
                                                      0.183     1.978    ram0/RAM_reg_1_4__0
  -------------------------------------------------------------------
                         required time                         -1.978    
                         arrival time                           2.084    
  -------------------------------------------------------------------
                         slack                                  0.106    

Slack (MET) :             0.106ns  (arrival time - required time)
  Source:                 pixel_addr_reg[1]/C
                            (rising edge-triggered cell FDRE clocked by sys_clk_pin  {rise@0.000ns fall@5.000ns period=10.000ns})
  Destination:            ram0/RAM_reg_1_4__0/ADDRARDADDR[1]
                            (rising edge-triggered cell RAMB36E1 clocked by sys_clk_pin  {rise@0.000ns fall@5.000ns period=10.000ns})
  Path Group:             sys_clk_pin
  Path Type:              Hold (Min at Fast Process Corner)
  Requirement:            0.000ns  (sys_clk_pin rise@0.000ns - sys_clk_pin rise@0.000ns)
  Data Path Delay:        0.608ns  (logic 0.164ns (26.988%)  route 0.444ns (73.012%))
  Logic Levels:           0  
  Clock Path Skew:        0.318ns (DCD - SCD - CPR)
    Destination Clock Delay (DCD):    2.039ns
    Source Clock Delay      (SCD):    1.476ns
    Clock Pessimism Removal (CPR):    0.245ns

    Location             Delay type                Incr(ns)  Path(ns)    Netlist Resource(s)
  -------------------------------------------------------------------    -------------------
                         (clock sys_clk_pin rise edge)
                                                      0.000     0.000 r  
    E3                                                0.000     0.000 r  clk (IN)
                         net (fo=0)                   0.000     0.000    clk
    E3                   IBUF (Prop_ibuf_I_O)         0.257     0.257 r  clk_IBUF_inst/O
                         net (fo=1, routed)           0.631     0.888    clk_IBUF
    BUFGCTRL_X0Y16       BUFG (Prop_bufg_I_O)         0.026     0.914 r  clk_IBUF_BUFG_inst/O
                         net (fo=123, routed)         0.563     1.476    clk_IBUF_BUFG
    SLICE_X56Y59         FDRE                                         r  pixel_addr_reg[1]/C
  -------------------------------------------------------------------    -------------------
    SLICE_X56Y59         FDRE (Prop_fdre_C_Q)         0.164     1.640 r  pixel_addr_reg[1]/Q
                         net (fo=23, routed)          0.444     2.084    ram0/Q[1]
    RAMB36_X1Y9          RAMB36E1                                     r  ram0/RAM_reg_1_4__0/ADDRARDADDR[1]
  -------------------------------------------------------------------    -------------------

                         (clock sys_clk_pin rise edge)
                                                      0.000     0.000 r  
    E3                                                0.000     0.000 r  clk (IN)
                         net (fo=0)                   0.000     0.000    clk
    E3                   IBUF (Prop_ibuf_I_O)         0.445     0.445 r  clk_IBUF_inst/O
                         net (fo=1, routed)           0.685     1.129    clk_IBUF
    BUFGCTRL_X0Y16       BUFG (Prop_bufg_I_O)         0.029     1.158 r  clk_IBUF_BUFG_inst/O
                         net (fo=123, routed)         0.881     2.039    ram0/clk_IBUF_BUFG
    RAMB36_X1Y9          RAMB36E1                                     r  ram0/RAM_reg_1_4__0/CLKARDCLK
                         clock pessimism             -0.245     1.795    
    RAMB36_X1Y9          RAMB36E1 (Hold_ramb36e1_CLKARDCLK_ADDRARDADDR[1])
                                                      0.183     1.978    ram0/RAM_reg_1_4__0
  -------------------------------------------------------------------
                         required time                         -1.978    
                         arrival time                           2.084    
  -------------------------------------------------------------------
                         slack                                  0.106    

Slack (MET) :             0.121ns  (arrival time - required time)
  Source:                 pixel_addr_reg[14]/C
                            (rising edge-triggered cell FDRE clocked by sys_clk_pin  {rise@0.000ns fall@5.000ns period=10.000ns})
  Destination:            ram0/RAM_reg_1_4__0/ADDRARDADDR[14]
                            (rising edge-triggered cell RAMB36E1 clocked by sys_clk_pin  {rise@0.000ns fall@5.000ns period=10.000ns})
  Path Group:             sys_clk_pin
  Path Type:              Hold (Min at Fast Process Corner)
  Requirement:            0.000ns  (sys_clk_pin rise@0.000ns - sys_clk_pin rise@0.000ns)
  Data Path Delay:        0.624ns  (logic 0.164ns (26.262%)  route 0.460ns (73.738%))
  Logic Levels:           0  
  Clock Path Skew:        0.320ns (DCD - SCD - CPR)
    Destination Clock Delay (DCD):    2.039ns
    Source Clock Delay      (SCD):    1.474ns
    Clock Pessimism Removal (CPR):    0.245ns

    Location             Delay type                Incr(ns)  Path(ns)    Netlist Resource(s)
  -------------------------------------------------------------------    -------------------
                         (clock sys_clk_pin rise edge)
                                                      0.000     0.000 r  
    E3                                                0.000     0.000 r  clk (IN)
                         net (fo=0)                   0.000     0.000    clk
    E3                   IBUF (Prop_ibuf_I_O)         0.257     0.257 r  clk_IBUF_inst/O
                         net (fo=1, routed)           0.631     0.888    clk_IBUF
    BUFGCTRL_X0Y16       BUFG (Prop_bufg_I_O)         0.026     0.914 r  clk_IBUF_BUFG_inst/O
                         net (fo=123, routed)         0.561     1.474    clk_IBUF_BUFG
    SLICE_X56Y62         FDRE                                         r  pixel_addr_reg[14]/C
  -------------------------------------------------------------------    -------------------
    SLICE_X56Y62         FDRE (Prop_fdre_C_Q)         0.164     1.638 r  pixel_addr_reg[14]/Q
                         net (fo=23, routed)          0.460     2.099    ram0/Q[14]
    RAMB36_X1Y9          RAMB36E1                                     r  ram0/RAM_reg_1_4__0/ADDRARDADDR[14]
  -------------------------------------------------------------------    -------------------

                         (clock sys_clk_pin rise edge)
                                                      0.000     0.000 r  
    E3                                                0.000     0.000 r  clk (IN)
                         net (fo=0)                   0.000     0.000    clk
    E3                   IBUF (Prop_ibuf_I_O)         0.445     0.445 r  clk_IBUF_inst/O
                         net (fo=1, routed)           0.685     1.129    clk_IBUF
    BUFGCTRL_X0Y16       BUFG (Prop_bufg_I_O)         0.029     1.158 r  clk_IBUF_BUFG_inst/O
                         net (fo=123, routed)         0.881     2.039    ram0/clk_IBUF_BUFG
    RAMB36_X1Y9          RAMB36E1                                     r  ram0/RAM_reg_1_4__0/CLKARDCLK
                         clock pessimism             -0.245     1.795    
    RAMB36_X1Y9          RAMB36E1 (Hold_ramb36e1_CLKARDCLK_ADDRARDADDR[14])
                                                      0.183     1.978    ram0/RAM_reg_1_4__0
  -------------------------------------------------------------------
                         required time                         -1.978    
                         arrival time                           2.099    
  -------------------------------------------------------------------
                         slack                                  0.121    

Slack (MET) :             0.122ns  (arrival time - required time)
  Source:                 pixel_addr_reg[8]_rep/C
                            (rising edge-triggered cell FDRE clocked by sys_clk_pin  {rise@0.000ns fall@5.000ns period=10.000ns})
  Destination:            ram0/RAM_reg_1_8__0/ADDRARDADDR[8]
                            (rising edge-triggered cell RAMB36E1 clocked by sys_clk_pin  {rise@0.000ns fall@5.000ns period=10.000ns})
  Path Group:             sys_clk_pin
  Path Type:              Hold (Min at Fast Process Corner)
  Requirement:            0.000ns  (sys_clk_pin rise@0.000ns - sys_clk_pin rise@0.000ns)
  Data Path Delay:        0.307ns  (logic 0.128ns (41.637%)  route 0.179ns (58.363%))
  Logic Levels:           0  
  Clock Path Skew:        0.055ns (DCD - SCD - CPR)
    Destination Clock Delay (DCD):    2.028ns
    Source Clock Delay      (SCD):    1.475ns
    Clock Pessimism Removal (CPR):    0.497ns

    Location             Delay type                Incr(ns)  Path(ns)    Netlist Resource(s)
  -------------------------------------------------------------------    -------------------
                         (clock sys_clk_pin rise edge)
                                                      0.000     0.000 r  
    E3                                                0.000     0.000 r  clk (IN)
                         net (fo=0)                   0.000     0.000    clk
    E3                   IBUF (Prop_ibuf_I_O)         0.257     0.257 r  clk_IBUF_inst/O
                         net (fo=1, routed)           0.631     0.888    clk_IBUF
    BUFGCTRL_X0Y16       BUFG (Prop_bufg_I_O)         0.026     0.914 r  clk_IBUF_BUFG_inst/O
                         net (fo=123, routed)         0.562     1.475    clk_IBUF_BUFG
    SLICE_X57Y61         FDRE                                         r  pixel_addr_reg[8]_rep/C
  -------------------------------------------------------------------    -------------------
    SLICE_X57Y61         FDRE (Prop_fdre_C_Q)         0.128     1.603 r  pixel_addr_reg[8]_rep/Q
                         net (fo=12, routed)          0.179     1.783    ram0/addr[8]
    RAMB36_X2Y12         RAMB36E1                                     r  ram0/RAM_reg_1_8__0/ADDRARDADDR[8]
  -------------------------------------------------------------------    -------------------

                         (clock sys_clk_pin rise edge)
                                                      0.000     0.000 r  
    E3                                                0.000     0.000 r  clk (IN)
                         net (fo=0)                   0.000     0.000    clk
    E3                   IBUF (Prop_ibuf_I_O)         0.445     0.445 r  clk_IBUF_inst/O
                         net (fo=1, routed)           0.685     1.129    clk_IBUF
    BUFGCTRL_X0Y16       BUFG (Prop_bufg_I_O)         0.029     1.158 r  clk_IBUF_BUFG_inst/O
                         net (fo=123, routed)         0.870     2.028    ram0/clk_IBUF_BUFG
    RAMB36_X2Y12         RAMB36E1                                     r  ram0/RAM_reg_1_8__0/CLKARDCLK
                         clock pessimism             -0.497     1.531    
    RAMB36_X2Y12         RAMB36E1 (Hold_ramb36e1_CLKARDCLK_ADDRARDADDR[8])
                                                      0.130     1.661    ram0/RAM_reg_1_8__0
  -------------------------------------------------------------------
                         required time                         -1.661    
                         arrival time                           1.783    
  -------------------------------------------------------------------
                         slack                                  0.122    

Slack (MET) :             0.126ns  (arrival time - required time)
  Source:                 pixel_addr_reg[9]_rep/C
                            (rising edge-triggered cell FDRE clocked by sys_clk_pin  {rise@0.000ns fall@5.000ns period=10.000ns})
  Destination:            ram0/RAM_reg_1_8__0/ADDRARDADDR[9]
                            (rising edge-triggered cell RAMB36E1 clocked by sys_clk_pin  {rise@0.000ns fall@5.000ns period=10.000ns})
  Path Group:             sys_clk_pin
  Path Type:              Hold (Min at Fast Process Corner)
  Requirement:            0.000ns  (sys_clk_pin rise@0.000ns - sys_clk_pin rise@0.000ns)
  Data Path Delay:        0.364ns  (logic 0.141ns (38.731%)  route 0.223ns (61.269%))
  Logic Levels:           0  
  Clock Path Skew:        0.055ns (DCD - SCD - CPR)
    Destination Clock Delay (DCD):    2.028ns
    Source Clock Delay      (SCD):    1.475ns
    Clock Pessimism Removal (CPR):    0.497ns

    Location             Delay type                Incr(ns)  Path(ns)    Netlist Resource(s)
  -------------------------------------------------------------------    -------------------
                         (clock sys_clk_pin rise edge)
                                                      0.000     0.000 r  
    E3                                                0.000     0.000 r  clk (IN)
                         net (fo=0)                   0.000     0.000    clk
    E3                   IBUF (Prop_ibuf_I_O)         0.257     0.257 r  clk_IBUF_inst/O
                         net (fo=1, routed)           0.631     0.888    clk_IBUF
    BUFGCTRL_X0Y16       BUFG (Prop_bufg_I_O)         0.026     0.914 r  clk_IBUF_BUFG_inst/O
                         net (fo=123, routed)         0.562     1.475    clk_IBUF_BUFG
    SLICE_X57Y61         FDRE                                         r  pixel_addr_reg[9]_rep/C
  -------------------------------------------------------------------    -------------------
    SLICE_X57Y61         FDRE (Prop_fdre_C_Q)         0.141     1.616 r  pixel_addr_reg[9]_rep/Q
                         net (fo=12, routed)          0.223     1.840    ram0/addr[9]
    RAMB36_X2Y12         RAMB36E1                                     r  ram0/RAM_reg_1_8__0/ADDRARDADDR[9]
  -------------------------------------------------------------------    -------------------

                         (clock sys_clk_pin rise edge)
                                                      0.000     0.000 r  
    E3                                                0.000     0.000 r  clk (IN)
                         net (fo=0)                   0.000     0.000    clk
    E3                   IBUF (Prop_ibuf_I_O)         0.445     0.445 r  clk_IBUF_inst/O
                         net (fo=1, routed)           0.685     1.129    clk_IBUF
    BUFGCTRL_X0Y16       BUFG (Prop_bufg_I_O)         0.029     1.158 r  clk_IBUF_BUFG_inst/O
                         net (fo=123, routed)         0.870     2.028    ram0/clk_IBUF_BUFG
    RAMB36_X2Y12         RAMB36E1                                     r  ram0/RAM_reg_1_8__0/CLKARDCLK
                         clock pessimism             -0.497     1.531    
    RAMB36_X2Y12         RAMB36E1 (Hold_ramb36e1_CLKARDCLK_ADDRARDADDR[9])
                                                      0.183     1.714    ram0/RAM_reg_1_8__0
  -------------------------------------------------------------------
                         required time                         -1.714    
                         arrival time                           1.840    
  -------------------------------------------------------------------
                         slack                                  0.126    

Slack (MET) :             0.129ns  (arrival time - required time)
  Source:                 pixel_addr_reg[1]_rep/C
                            (rising edge-triggered cell FDRE clocked by sys_clk_pin  {rise@0.000ns fall@5.000ns period=10.000ns})
  Destination:            ram0/RAM_reg_1_8__0/ADDRARDADDR[1]
                            (rising edge-triggered cell RAMB36E1 clocked by sys_clk_pin  {rise@0.000ns fall@5.000ns period=10.000ns})
  Path Group:             sys_clk_pin
  Path Type:              Hold (Min at Fast Process Corner)
  Requirement:            0.000ns  (sys_clk_pin rise@0.000ns - sys_clk_pin rise@0.000ns)
  Data Path Delay:        0.367ns  (logic 0.141ns (38.468%)  route 0.226ns (61.532%))
  Logic Levels:           0  
  Clock Path Skew:        0.054ns (DCD - SCD - CPR)
    Destination Clock Delay (DCD):    2.028ns
    Source Clock Delay      (SCD):    1.476ns
    Clock Pessimism Removal (CPR):    0.497ns

    Location             Delay type                Incr(ns)  Path(ns)    Netlist Resource(s)
  -------------------------------------------------------------------    -------------------
                         (clock sys_clk_pin rise edge)
                                                      0.000     0.000 r  
    E3                                                0.000     0.000 r  clk (IN)
                         net (fo=0)                   0.000     0.000    clk
    E3                   IBUF (Prop_ibuf_I_O)         0.257     0.257 r  clk_IBUF_inst/O
                         net (fo=1, routed)           0.631     0.888    clk_IBUF
    BUFGCTRL_X0Y16       BUFG (Prop_bufg_I_O)         0.026     0.914 r  clk_IBUF_BUFG_inst/O
                         net (fo=123, routed)         0.563     1.476    clk_IBUF_BUFG
    SLICE_X57Y59         FDRE                                         r  pixel_addr_reg[1]_rep/C
  -------------------------------------------------------------------    -------------------
    SLICE_X57Y59         FDRE (Prop_fdre_C_Q)         0.141     1.617 r  pixel_addr_reg[1]_rep/Q
                         net (fo=12, routed)          0.226     1.843    ram0/addr[1]
    RAMB36_X2Y12         RAMB36E1                                     r  ram0/RAM_reg_1_8__0/ADDRARDADDR[1]
  -------------------------------------------------------------------    -------------------

                         (clock sys_clk_pin rise edge)
                                                      0.000     0.000 r  
    E3                                                0.000     0.000 r  clk (IN)
                         net (fo=0)                   0.000     0.000    clk
    E3                   IBUF (Prop_ibuf_I_O)         0.445     0.445 r  clk_IBUF_inst/O
                         net (fo=1, routed)           0.685     1.129    clk_IBUF
    BUFGCTRL_X0Y16       BUFG (Prop_bufg_I_O)         0.029     1.158 r  clk_IBUF_BUFG_inst/O
                         net (fo=123, routed)         0.870     2.028    ram0/clk_IBUF_BUFG
    RAMB36_X2Y12         RAMB36E1                                     r  ram0/RAM_reg_1_8__0/CLKARDCLK
                         clock pessimism             -0.497     1.531    
    RAMB36_X2Y12         RAMB36E1 (Hold_ramb36e1_CLKARDCLK_ADDRARDADDR[1])
                                                      0.183     1.714    ram0/RAM_reg_1_8__0
  -------------------------------------------------------------------
                         required time                         -1.714    
                         arrival time                           1.843    
  -------------------------------------------------------------------
                         slack                                  0.129    

Slack (MET) :             0.129ns  (arrival time - required time)
  Source:                 pixel_addr_reg[6]/C
                            (rising edge-triggered cell FDRE clocked by sys_clk_pin  {rise@0.000ns fall@5.000ns period=10.000ns})
  Destination:            ram0/RAM_reg_1_4__0/ADDRARDADDR[6]
                            (rising edge-triggered cell RAMB36E1 clocked by sys_clk_pin  {rise@0.000ns fall@5.000ns period=10.000ns})
  Path Group:             sys_clk_pin
  Path Type:              Hold (Min at Fast Process Corner)
  Requirement:            0.000ns  (sys_clk_pin rise@0.000ns - sys_clk_pin rise@0.000ns)
  Data Path Delay:        0.632ns  (logic 0.164ns (25.964%)  route 0.468ns (74.036%))
  Logic Levels:           0  
  Clock Path Skew:        0.319ns (DCD - SCD - CPR)
    Destination Clock Delay (DCD):    2.039ns
    Source Clock Delay      (SCD):    1.475ns
    Clock Pessimism Removal (CPR):    0.245ns

    Location             Delay type                Incr(ns)  Path(ns)    Netlist Resource(s)
  -------------------------------------------------------------------    -------------------
                         (clock sys_clk_pin rise edge)
                                                      0.000     0.000 r  
    E3                                                0.000     0.000 r  clk (IN)
                         net (fo=0)                   0.000     0.000    clk
    E3                   IBUF (Prop_ibuf_I_O)         0.257     0.257 r  clk_IBUF_inst/O
                         net (fo=1, routed)           0.631     0.888    clk_IBUF
    BUFGCTRL_X0Y16       BUFG (Prop_bufg_I_O)         0.026     0.914 r  clk_IBUF_BUFG_inst/O
                         net (fo=123, routed)         0.562     1.475    clk_IBUF_BUFG
    SLICE_X56Y60         FDRE                                         r  pixel_addr_reg[6]/C
  -------------------------------------------------------------------    -------------------
    SLICE_X56Y60         FDRE (Prop_fdre_C_Q)         0.164     1.639 r  pixel_addr_reg[6]/Q
                         net (fo=23, routed)          0.468     2.107    ram0/Q[6]
    RAMB36_X1Y9          RAMB36E1                                     r  ram0/RAM_reg_1_4__0/ADDRARDADDR[6]
  -------------------------------------------------------------------    -------------------

                         (clock sys_clk_pin rise edge)
                                                      0.000     0.000 r  
    E3                                                0.000     0.000 r  clk (IN)
                         net (fo=0)                   0.000     0.000    clk
    E3                   IBUF (Prop_ibuf_I_O)         0.445     0.445 r  clk_IBUF_inst/O
                         net (fo=1, routed)           0.685     1.129    clk_IBUF
    BUFGCTRL_X0Y16       BUFG (Prop_bufg_I_O)         0.029     1.158 r  clk_IBUF_BUFG_inst/O
                         net (fo=123, routed)         0.881     2.039    ram0/clk_IBUF_BUFG
    RAMB36_X1Y9          RAMB36E1                                     r  ram0/RAM_reg_1_4__0/CLKARDCLK
                         clock pessimism             -0.245     1.795    
    RAMB36_X1Y9          RAMB36E1 (Hold_ramb36e1_CLKARDCLK_ADDRARDADDR[6])
                                                      0.183     1.978    ram0/RAM_reg_1_4__0
  -------------------------------------------------------------------
                         required time                         -1.978    
                         arrival time                           2.107    
  -------------------------------------------------------------------
                         slack                                  0.129    

Slack (MET) :             0.132ns  (arrival time - required time)
  Source:                 pixel_addr_reg[10]_rep/C
                            (rising edge-triggered cell FDRE clocked by sys_clk_pin  {rise@0.000ns fall@5.000ns period=10.000ns})
  Destination:            ram0/RAM_reg_1_8__0/ADDRARDADDR[10]
                            (rising edge-triggered cell RAMB36E1 clocked by sys_clk_pin  {rise@0.000ns fall@5.000ns period=10.000ns})
  Path Group:             sys_clk_pin
  Path Type:              Hold (Min at Fast Process Corner)
  Requirement:            0.000ns  (sys_clk_pin rise@0.000ns - sys_clk_pin rise@0.000ns)
  Data Path Delay:        0.371ns  (logic 0.141ns (38.011%)  route 0.230ns (61.989%))
  Logic Levels:           0  
  Clock Path Skew:        0.055ns (DCD - SCD - CPR)
    Destination Clock Delay (DCD):    2.028ns
    Source Clock Delay      (SCD):    1.475ns
    Clock Pessimism Removal (CPR):    0.497ns

    Location             Delay type                Incr(ns)  Path(ns)    Netlist Resource(s)
  -------------------------------------------------------------------    -------------------
                         (clock sys_clk_pin rise edge)
                                                      0.000     0.000 r  
    E3                                                0.000     0.000 r  clk (IN)
                         net (fo=0)                   0.000     0.000    clk
    E3                   IBUF (Prop_ibuf_I_O)         0.257     0.257 r  clk_IBUF_inst/O
                         net (fo=1, routed)           0.631     0.888    clk_IBUF
    BUFGCTRL_X0Y16       BUFG (Prop_bufg_I_O)         0.026     0.914 r  clk_IBUF_BUFG_inst/O
                         net (fo=123, routed)         0.562     1.475    clk_IBUF_BUFG
    SLICE_X57Y61         FDRE                                         r  pixel_addr_reg[10]_rep/C
  -------------------------------------------------------------------    -------------------
    SLICE_X57Y61         FDRE (Prop_fdre_C_Q)         0.141     1.616 r  pixel_addr_reg[10]_rep/Q
                         net (fo=12, routed)          0.230     1.846    ram0/addr[10]
    RAMB36_X2Y12         RAMB36E1                                     r  ram0/RAM_reg_1_8__0/ADDRARDADDR[10]
  -------------------------------------------------------------------    -------------------

                         (clock sys_clk_pin rise edge)
                                                      0.000     0.000 r  
    E3                                                0.000     0.000 r  clk (IN)
                         net (fo=0)                   0.000     0.000    clk
    E3                   IBUF (Prop_ibuf_I_O)         0.445     0.445 r  clk_IBUF_inst/O
                         net (fo=1, routed)           0.685     1.129    clk_IBUF
    BUFGCTRL_X0Y16       BUFG (Prop_bufg_I_O)         0.029     1.158 r  clk_IBUF_BUFG_inst/O
                         net (fo=123, routed)         0.870     2.028    ram0/clk_IBUF_BUFG
    RAMB36_X2Y12         RAMB36E1                                     r  ram0/RAM_reg_1_8__0/CLKARDCLK
                         clock pessimism             -0.497     1.531    
    RAMB36_X2Y12         RAMB36E1 (Hold_ramb36e1_CLKARDCLK_ADDRARDADDR[10])
                                                      0.183     1.714    ram0/RAM_reg_1_8__0
  -------------------------------------------------------------------
                         required time                         -1.714    
                         arrival time                           1.846    
  -------------------------------------------------------------------
                         slack                                  0.132    





Pulse Width Checks
--------------------------------------------------------------------------------------
Clock Name:         sys_clk_pin
Waveform(ns):       { 0.000 5.000 }
Period(ns):         10.000
Sources:            { clk }

Check Type        Corner  Lib Pin             Reference Pin  Required(ns)  Actual(ns)  Slack(ns)  Location      Pin
Min Period        n/a     RAMB36E1/CLKARDCLK  n/a            2.892         10.000      7.108      RAMB36_X0Y8   ram0/RAM_reg_0_0/CLKARDCLK
Min Period        n/a     RAMB36E1/CLKARDCLK  n/a            2.892         10.000      7.108      RAMB36_X0Y4   ram0/RAM_reg_0_1/CLKARDCLK
Min Period        n/a     RAMB36E1/CLKARDCLK  n/a            2.892         10.000      7.108      RAMB36_X1Y14  ram0/RAM_reg_0_10/CLKARDCLK
Min Period        n/a     RAMB36E1/CLKARDCLK  n/a            2.892         10.000      7.108      RAMB36_X2Y10  ram0/RAM_reg_0_11/CLKARDCLK
Min Period        n/a     RAMB36E1/CLKARDCLK  n/a            2.892         10.000      7.108      RAMB36_X0Y13  ram0/RAM_reg_0_2/CLKARDCLK
Min Period        n/a     RAMB36E1/CLKARDCLK  n/a            2.892         10.000      7.108      RAMB36_X1Y16  ram0/RAM_reg_0_3/CLKARDCLK
Min Period        n/a     RAMB36E1/CLKARDCLK  n/a            2.892         10.000      7.108      RAMB36_X0Y6   ram0/RAM_reg_0_4/CLKARDCLK
Min Period        n/a     RAMB36E1/CLKARDCLK  n/a            2.892         10.000      7.108      RAMB36_X2Y16  ram0/RAM_reg_0_5/CLKARDCLK
Min Period        n/a     RAMB36E1/CLKARDCLK  n/a            2.892         10.000      7.108      RAMB36_X0Y11  ram0/RAM_reg_0_6/CLKARDCLK
Min Period        n/a     RAMB36E1/CLKARDCLK  n/a            2.892         10.000      7.108      RAMB36_X0Y18  ram0/RAM_reg_0_7/CLKARDCLK
Low Pulse Width   Slow    FDRE/C              n/a            0.500         5.000       4.500      SLICE_X55Y57  fish_clock_reg[0]/C
Low Pulse Width   Fast    FDRE/C              n/a            0.500         5.000       4.500      SLICE_X55Y57  fish_clock_reg[0]/C
Low Pulse Width   Slow    FDRE/C              n/a            0.500         5.000       4.500      SLICE_X55Y59  fish_clock_reg[10]/C
Low Pulse Width   Fast    FDRE/C              n/a            0.500         5.000       4.500      SLICE_X55Y59  fish_clock_reg[10]/C
Low Pulse Width   Slow    FDRE/C              n/a            0.500         5.000       4.500      SLICE_X55Y59  fish_clock_reg[11]/C
Low Pulse Width   Fast    FDRE/C              n/a            0.500         5.000       4.500      SLICE_X55Y59  fish_clock_reg[11]/C
Low Pulse Width   Slow    FDRE/C              n/a            0.500         5.000       4.500      SLICE_X55Y60  fish_clock_reg[12]/C
Low Pulse Width   Fast    FDRE/C              n/a            0.500         5.000       4.500      SLICE_X55Y60  fish_clock_reg[12]/C
Low Pulse Width   Slow    FDRE/C              n/a            0.500         5.000       4.500      SLICE_X55Y60  fish_clock_reg[13]/C
Low Pulse Width   Fast    FDRE/C              n/a            0.500         5.000       4.500      SLICE_X55Y60  fish_clock_reg[13]/C
High Pulse Width  Slow    FDRE/C              n/a            0.500         5.000       4.500      SLICE_X55Y57  fish_clock_reg[0]/C
High Pulse Width  Fast    FDRE/C              n/a            0.500         5.000       4.500      SLICE_X55Y57  fish_clock_reg[0]/C
High Pulse Width  Slow    FDRE/C              n/a            0.500         5.000       4.500      SLICE_X55Y59  fish_clock_reg[10]/C
High Pulse Width  Fast    FDRE/C              n/a            0.500         5.000       4.500      SLICE_X55Y59  fish_clock_reg[10]/C
High Pulse Width  Slow    FDRE/C              n/a            0.500         5.000       4.500      SLICE_X55Y59  fish_clock_reg[11]/C
High Pulse Width  Fast    FDRE/C              n/a            0.500         5.000       4.500      SLICE_X55Y59  fish_clock_reg[11]/C
High Pulse Width  Slow    FDRE/C              n/a            0.500         5.000       4.500      SLICE_X55Y60  fish_clock_reg[12]/C
High Pulse Width  Fast    FDRE/C              n/a            0.500         5.000       4.500      SLICE_X55Y60  fish_clock_reg[12]/C
High Pulse Width  Slow    FDRE/C              n/a            0.500         5.000       4.500      SLICE_X55Y60  fish_clock_reg[13]/C
High Pulse Width  Fast    FDRE/C              n/a            0.500         5.000       4.500      SLICE_X55Y60  fish_clock_reg[13]/C



