Copyright 1986-2022 Xilinx, Inc. All Rights Reserved. Copyright 2022-2024 Advanced Micro Devices, Inc. All Rights Reserved.
-----------------------------------------------------------------------------------------------------------------------------------------------------------------------------------
| Tool Version : Vivado v.2024.1 (win64) Build 5076996 Wed May 22 18:37:14 MDT 2024
| Date         : Fri Dec 13 13:18:01 2024
| Host         : MSI running 64-bit major release  (build 9200)
| Command      : report_timing_summary -max_paths 10 -file walk_timing_summary_routed.rpt -pb walk_timing_summary_routed.pb -rpx walk_timing_summary_routed.rpx -warn_on_violation
| Design       : walk
| Device       : 7a35ti-csg324
| Speed File   : -1L  PRODUCTION 1.23 2018-06-13
| Design State : Routed
-----------------------------------------------------------------------------------------------------------------------------------------------------------------------------------

Timing Summary Report

------------------------------------------------------------------------------------------------
| Timer Settings
| --------------
------------------------------------------------------------------------------------------------

  Enable Multi Corner Analysis               :  Yes
  Enable Pessimism Removal                   :  Yes
  Pessimism Removal Resolution               :  Nearest Common Node
  Enable Input Delay Default Clock           :  No
  Enable Preset / Clear Arcs                 :  No
  Disable Flight Delays                      :  No
  Ignore I/O Paths                           :  No
  Timing Early Launch at Borrowing Latches   :  No
  Borrow Time for Max Delay Exceptions       :  Yes
  Merge Timing Exceptions                    :  Yes
  Inter-SLR Compensation                     :  Conservative

  Corner  Analyze    Analyze    
  Name    Max Paths  Min Paths  
  ------  ---------  ---------  
  Slow    Yes        Yes        
  Fast    Yes        Yes        


------------------------------------------------------------------------------------------------
| Report Methodology
| ------------------
------------------------------------------------------------------------------------------------

Rule       Severity          Description                                                Violations  
---------  ----------------  ---------------------------------------------------------  ----------  
TIMING-17  Critical Warning  Non-clocked sequential cell                                23          
SYNTH-5    Warning           Mapped onto distributed RAM because of timing constraints  1725        
TIMING-18  Warning           Missing input or output delay                              25          
TIMING-20  Warning           Non-clocked latch                                          26          
LATCH-1    Advisory          Existing latches in the design                             1           

Note: This report is based on the most recent report_methodology run and may not be up-to-date. Run report_methodology on the current design for the latest report.



check_timing report

Table of Contents
-----------------
1. checking no_clock (101)
2. checking constant_clock (0)
3. checking pulse_width_clock (0)
4. checking unconstrained_internal_endpoints (91)
5. checking no_input_delay (9)
6. checking no_output_delay (17)
7. checking multiple_clock (0)
8. checking generated_clocks (0)
9. checking loops (0)
10. checking partial_input_delay (0)
11. checking partial_output_delay (0)
12. checking latch_loops (0)

1. checking no_clock (101)
--------------------------
 There are 23 register/latch pins with no clock driven by root clock pin: clk_divider0/clk_out_reg/Q (HIGH)

 There are 26 register/latch pins with no clock driven by root clock pin: score_cal/FSM_sequential_P_reg[0]/Q (HIGH)

 There are 26 register/latch pins with no clock driven by root clock pin: score_cal/FSM_sequential_P_reg[1]/Q (HIGH)

 There are 26 register/latch pins with no clock driven by root clock pin: score_cal/FSM_sequential_P_reg[2]/Q (HIGH)


2. checking constant_clock (0)
------------------------------
 There are 0 register/latch pins with constant_clock.


3. checking pulse_width_clock (0)
---------------------------------
 There are 0 register/latch pins which need pulse_width check


4. checking unconstrained_internal_endpoints (91)
-------------------------------------------------
 There are 91 pins that are not constrained for maximum delay. (HIGH)

 There are 0 pins that are not constrained for maximum delay due to constant clock.


5. checking no_input_delay (9)
------------------------------
 There are 9 input ports with no input delay specified. (HIGH)

 There are 0 input ports with no input delay but user has a false path constraint.


6. checking no_output_delay (17)
--------------------------------
 There are 17 ports with no output delay specified. (HIGH)

 There are 0 ports with no output delay but user has a false path constraint

 There are 0 ports with no output delay but with a timing clock defined on it or propagating through it


7. checking multiple_clock (0)
------------------------------
 There are 0 register/latch pins with multiple clocks.


8. checking generated_clocks (0)
--------------------------------
 There are 0 generated clocks that are not connected to a clock source.


9. checking loops (0)
---------------------
 There are 0 combinational loops in the design.


10. checking partial_input_delay (0)
------------------------------------
 There are 0 input ports with partial input delay specified.


11. checking partial_output_delay (0)
-------------------------------------
 There are 0 ports with partial output delay specified.


12. checking latch_loops (0)
----------------------------
 There are 0 combinational latch loops in the design through latch input



------------------------------------------------------------------------------------------------
| Design Timing Summary
| ---------------------
------------------------------------------------------------------------------------------------

    WNS(ns)      TNS(ns)  TNS Failing Endpoints  TNS Total Endpoints      WHS(ns)      THS(ns)  THS Failing Endpoints  THS Total Endpoints     WPWS(ns)     TPWS(ns)  TPWS Failing Endpoints  TPWS Total Endpoints  
    -------      -------  ---------------------  -------------------      -------      -------  ---------------------  -------------------     --------     --------  ----------------------  --------------------  
      0.830        0.000                      0                63439        0.056        0.000                      0                63439        3.750        0.000                       0                  7443  


All user specified timing constraints are met.


------------------------------------------------------------------------------------------------
| Clock Summary
| -------------
------------------------------------------------------------------------------------------------

Clock        Waveform(ns)       Period(ns)      Frequency(MHz)
-----        ------------       ----------      --------------
sys_clk_pin  {0.000 5.000}      10.000          100.000         


------------------------------------------------------------------------------------------------
| Intra Clock Table
| -----------------
------------------------------------------------------------------------------------------------

Clock             WNS(ns)      TNS(ns)  TNS Failing Endpoints  TNS Total Endpoints      WHS(ns)      THS(ns)  THS Failing Endpoints  THS Total Endpoints     WPWS(ns)     TPWS(ns)  TPWS Failing Endpoints  TPWS Total Endpoints  
-----             -------      -------  ---------------------  -------------------      -------      -------  ---------------------  -------------------     --------     --------  ----------------------  --------------------  
sys_clk_pin         0.830        0.000                      0                63439        0.056        0.000                      0                63439        3.750        0.000                       0                  7443  


------------------------------------------------------------------------------------------------
| Inter Clock Table
| -----------------
------------------------------------------------------------------------------------------------

From Clock    To Clock          WNS(ns)      TNS(ns)  TNS Failing Endpoints  TNS Total Endpoints      WHS(ns)      THS(ns)  THS Failing Endpoints  THS Total Endpoints  
----------    --------          -------      -------  ---------------------  -------------------      -------      -------  ---------------------  -------------------  


------------------------------------------------------------------------------------------------
| Other Path Groups Table
| -----------------------
------------------------------------------------------------------------------------------------

Path Group    From Clock    To Clock          WNS(ns)      TNS(ns)  TNS Failing Endpoints  TNS Total Endpoints      WHS(ns)      THS(ns)  THS Failing Endpoints  THS Total Endpoints  
----------    ----------    --------          -------      -------  ---------------------  -------------------      -------      -------  ---------------------  -------------------  


------------------------------------------------------------------------------------------------
| Timing Details
| --------------
------------------------------------------------------------------------------------------------


---------------------------------------------------------------------------------------------------
From Clock:  sys_clk_pin
  To Clock:  sys_clk_pin

Setup :            0  Failing Endpoints,  Worst Slack        0.830ns,  Total Violation        0.000ns
Hold  :            0  Failing Endpoints,  Worst Slack        0.056ns,  Total Violation        0.000ns
PW    :            0  Failing Endpoints,  Worst Slack        3.750ns,  Total Violation        0.000ns
---------------------------------------------------------------------------------------------------


Max Delay Paths
--------------------------------------------------------------------------------------
Slack (MET) :             0.830ns  (required time - arrival time)
  Source:                 score_cal/FSM_sequential_P_reg[2]/C
                            (rising edge-triggered cell FDSE clocked by sys_clk_pin  {rise@0.000ns fall@5.000ns period=10.000ns})
  Destination:            snake_x_reg[8][4]/CE
                            (rising edge-triggered cell FDRE clocked by sys_clk_pin  {rise@0.000ns fall@5.000ns period=10.000ns})
  Path Group:             sys_clk_pin
  Path Type:              Setup (Max at Slow Process Corner)
  Requirement:            10.000ns  (sys_clk_pin rise@10.000ns - sys_clk_pin rise@0.000ns)
  Data Path Delay:        8.621ns  (logic 1.595ns (18.501%)  route 7.026ns (81.499%))
  Logic Levels:           6  (LUT3=1 LUT4=1 LUT6=4)
  Clock Path Skew:        -0.106ns (DCD - SCD + CPR)
    Destination Clock Delay (DCD):    4.821ns = ( 14.821 - 10.000 ) 
    Source Clock Delay      (SCD):    5.186ns
    Clock Pessimism Removal (CPR):    0.259ns
  Clock Uncertainty:      0.035ns  ((TSJ^2 + TIJ^2)^1/2 + DJ) / 2 + PE
    Total System Jitter     (TSJ):    0.071ns
    Total Input Jitter      (TIJ):    0.000ns
    Discrete Jitter          (DJ):    0.000ns
    Phase Error              (PE):    0.000ns

    Location             Delay type                Incr(ns)  Path(ns)    Netlist Resource(s)
  -------------------------------------------------------------------    -------------------
                         (clock sys_clk_pin rise edge)
                                                      0.000     0.000 r  
    E3                                                0.000     0.000 r  clk (IN)
                         net (fo=0)                   0.000     0.000    clk
    E3                   IBUF (Prop_ibuf_I_O)         1.489     1.489 r  clk_IBUF_inst/O
                         net (fo=1, routed)           1.967     3.455    clk_IBUF
    BUFGCTRL_X0Y16       BUFG (Prop_bufg_I_O)         0.096     3.551 r  clk_IBUF_BUFG_inst/O
                         net (fo=7442, routed)        1.634     5.186    score_cal/clk_IBUF_BUFG
    SLICE_X58Y14         FDSE                                         r  score_cal/FSM_sequential_P_reg[2]/C
  -------------------------------------------------------------------    -------------------
    SLICE_X58Y14         FDSE (Prop_fdse_C_Q)         0.419     5.605 r  score_cal/FSM_sequential_P_reg[2]/Q
                         net (fo=35, routed)          1.245     6.850    score_cal/FSM_sequential_P_reg_n_0_[2]
    SLICE_X53Y19         LUT3 (Prop_lut3_I1_O)        0.325     7.175 r  score_cal/snake_x[0][7]_i_119/O
                         net (fo=2, routed)           1.744     8.919    score_cal/snake_x[0][7]_i_119_n_0
    SLICE_X62Y3          LUT6 (Prop_lut6_I3_O)        0.326     9.245 r  score_cal/snake_x[0][7]_i_137/O
                         net (fo=2, routed)           0.455     9.700    score_cal/snake_x[0][7]_i_137_n_0
    SLICE_X61Y4          LUT6 (Prop_lut6_I5_O)        0.124     9.824 f  score_cal/snake_x[0][7]_i_86/O
                         net (fo=2, routed)           0.650    10.474    score_cal/snake_x[0][7]_i_86_n_0
    SLICE_X61Y3          LUT6 (Prop_lut6_I5_O)        0.124    10.598 f  score_cal/snake_x[0][7]_i_25/O
                         net (fo=2, routed)           0.589    11.187    score_cal/snake_x[0][7]_i_25_n_0
    SLICE_X63Y3          LUT6 (Prop_lut6_I5_O)        0.124    11.311 r  score_cal/snake_x[0][7]_i_6/O
                         net (fo=4, routed)           0.812    12.122    score_cal/snake_x[0][7]_i_6_n_0
    SLICE_X58Y4          LUT4 (Prop_lut4_I1_O)        0.153    12.275 r  score_cal/snake_x[1][7]_i_1/O
                         net (fo=129, routed)         1.531    13.807    score_cal_n_31
    SLICE_X41Y8          FDRE                                         r  snake_x_reg[8][4]/CE
  -------------------------------------------------------------------    -------------------

                         (clock sys_clk_pin rise edge)
                                                     10.000    10.000 r  
    E3                                                0.000    10.000 r  clk (IN)
                         net (fo=0)                   0.000    10.000    clk
    E3                   IBUF (Prop_ibuf_I_O)         1.418    11.418 r  clk_IBUF_inst/O
                         net (fo=1, routed)           1.862    13.280    clk_IBUF
    BUFGCTRL_X0Y16       BUFG (Prop_bufg_I_O)         0.091    13.371 r  clk_IBUF_BUFG_inst/O
                         net (fo=7442, routed)        1.449    14.821    clk_IBUF_BUFG
    SLICE_X41Y8          FDRE                                         r  snake_x_reg[8][4]/C
                         clock pessimism              0.259    15.080    
                         clock uncertainty           -0.035    15.044    
    SLICE_X41Y8          FDRE (Setup_fdre_C_CE)      -0.408    14.636    snake_x_reg[8][4]
  -------------------------------------------------------------------
                         required time                         14.636    
                         arrival time                         -13.807    
  -------------------------------------------------------------------
                         slack                                  0.830    

Slack (MET) :             0.913ns  (required time - arrival time)
  Source:                 score_cal/FSM_sequential_P_reg[2]/C
                            (rising edge-triggered cell FDSE clocked by sys_clk_pin  {rise@0.000ns fall@5.000ns period=10.000ns})
  Destination:            snake_x_reg[8][2]/CE
                            (rising edge-triggered cell FDRE clocked by sys_clk_pin  {rise@0.000ns fall@5.000ns period=10.000ns})
  Path Group:             sys_clk_pin
  Path Type:              Setup (Max at Slow Process Corner)
  Requirement:            10.000ns  (sys_clk_pin rise@10.000ns - sys_clk_pin rise@0.000ns)
  Data Path Delay:        8.537ns  (logic 1.595ns (18.683%)  route 6.942ns (81.317%))
  Logic Levels:           6  (LUT3=1 LUT4=1 LUT6=4)
  Clock Path Skew:        -0.106ns (DCD - SCD + CPR)
    Destination Clock Delay (DCD):    4.821ns = ( 14.821 - 10.000 ) 
    Source Clock Delay      (SCD):    5.186ns
    Clock Pessimism Removal (CPR):    0.259ns
  Clock Uncertainty:      0.035ns  ((TSJ^2 + TIJ^2)^1/2 + DJ) / 2 + PE
    Total System Jitter     (TSJ):    0.071ns
    Total Input Jitter      (TIJ):    0.000ns
    Discrete Jitter          (DJ):    0.000ns
    Phase Error              (PE):    0.000ns

    Location             Delay type                Incr(ns)  Path(ns)    Netlist Resource(s)
  -------------------------------------------------------------------    -------------------
                         (clock sys_clk_pin rise edge)
                                                      0.000     0.000 r  
    E3                                                0.000     0.000 r  clk (IN)
                         net (fo=0)                   0.000     0.000    clk
    E3                   IBUF (Prop_ibuf_I_O)         1.489     1.489 r  clk_IBUF_inst/O
                         net (fo=1, routed)           1.967     3.455    clk_IBUF
    BUFGCTRL_X0Y16       BUFG (Prop_bufg_I_O)         0.096     3.551 r  clk_IBUF_BUFG_inst/O
                         net (fo=7442, routed)        1.634     5.186    score_cal/clk_IBUF_BUFG
    SLICE_X58Y14         FDSE                                         r  score_cal/FSM_sequential_P_reg[2]/C
  -------------------------------------------------------------------    -------------------
    SLICE_X58Y14         FDSE (Prop_fdse_C_Q)         0.419     5.605 r  score_cal/FSM_sequential_P_reg[2]/Q
                         net (fo=35, routed)          1.245     6.850    score_cal/FSM_sequential_P_reg_n_0_[2]
    SLICE_X53Y19         LUT3 (Prop_lut3_I1_O)        0.325     7.175 r  score_cal/snake_x[0][7]_i_119/O
                         net (fo=2, routed)           1.744     8.919    score_cal/snake_x[0][7]_i_119_n_0
    SLICE_X62Y3          LUT6 (Prop_lut6_I3_O)        0.326     9.245 r  score_cal/snake_x[0][7]_i_137/O
                         net (fo=2, routed)           0.455     9.700    score_cal/snake_x[0][7]_i_137_n_0
    SLICE_X61Y4          LUT6 (Prop_lut6_I5_O)        0.124     9.824 f  score_cal/snake_x[0][7]_i_86/O
                         net (fo=2, routed)           0.650    10.474    score_cal/snake_x[0][7]_i_86_n_0
    SLICE_X61Y3          LUT6 (Prop_lut6_I5_O)        0.124    10.598 f  score_cal/snake_x[0][7]_i_25/O
                         net (fo=2, routed)           0.589    11.187    score_cal/snake_x[0][7]_i_25_n_0
    SLICE_X63Y3          LUT6 (Prop_lut6_I5_O)        0.124    11.311 r  score_cal/snake_x[0][7]_i_6/O
                         net (fo=4, routed)           0.812    12.122    score_cal/snake_x[0][7]_i_6_n_0
    SLICE_X58Y4          LUT4 (Prop_lut4_I1_O)        0.153    12.275 r  score_cal/snake_x[1][7]_i_1/O
                         net (fo=129, routed)         1.448    13.723    score_cal_n_31
    SLICE_X43Y7          FDRE                                         r  snake_x_reg[8][2]/CE
  -------------------------------------------------------------------    -------------------

                         (clock sys_clk_pin rise edge)
                                                     10.000    10.000 r  
    E3                                                0.000    10.000 r  clk (IN)
                         net (fo=0)                   0.000    10.000    clk
    E3                   IBUF (Prop_ibuf_I_O)         1.418    11.418 r  clk_IBUF_inst/O
                         net (fo=1, routed)           1.862    13.280    clk_IBUF
    BUFGCTRL_X0Y16       BUFG (Prop_bufg_I_O)         0.091    13.371 r  clk_IBUF_BUFG_inst/O
                         net (fo=7442, routed)        1.449    14.821    clk_IBUF_BUFG
    SLICE_X43Y7          FDRE                                         r  snake_x_reg[8][2]/C
                         clock pessimism              0.259    15.080    
                         clock uncertainty           -0.035    15.044    
    SLICE_X43Y7          FDRE (Setup_fdre_C_CE)      -0.408    14.636    snake_x_reg[8][2]
  -------------------------------------------------------------------
                         required time                         14.636    
                         arrival time                         -13.723    
  -------------------------------------------------------------------
                         slack                                  0.913    

Slack (MET) :             0.917ns  (required time - arrival time)
  Source:                 bg_pixel_addr_0_reg[6]/C
                            (rising edge-triggered cell FDRE clocked by sys_clk_pin  {rise@0.000ns fall@5.000ns period=10.000ns})
  Destination:            ram3/data_o_reg[7]/D
                            (rising edge-triggered cell FDRE clocked by sys_clk_pin  {rise@0.000ns fall@5.000ns period=10.000ns})
  Path Group:             sys_clk_pin
  Path Type:              Setup (Max at Slow Process Corner)
  Requirement:            10.000ns  (sys_clk_pin rise@10.000ns - sys_clk_pin rise@0.000ns)
  Data Path Delay:        8.982ns  (logic 2.026ns (22.557%)  route 6.956ns (77.443%))
  Logic Levels:           7  (LUT6=2 MUXF7=3 MUXF8=2)
  Clock Path Skew:        -0.130ns (DCD - SCD + CPR)
    Destination Clock Delay (DCD):    4.800ns = ( 14.800 - 10.000 ) 
    Source Clock Delay      (SCD):    5.110ns
    Clock Pessimism Removal (CPR):    0.180ns
  Clock Uncertainty:      0.035ns  ((TSJ^2 + TIJ^2)^1/2 + DJ) / 2 + PE
    Total System Jitter     (TSJ):    0.071ns
    Total Input Jitter      (TIJ):    0.000ns
    Discrete Jitter          (DJ):    0.000ns
    Phase Error              (PE):    0.000ns

    Location             Delay type                Incr(ns)  Path(ns)    Netlist Resource(s)
  -------------------------------------------------------------------    -------------------
                         (clock sys_clk_pin rise edge)
                                                      0.000     0.000 r  
    E3                                                0.000     0.000 r  clk (IN)
                         net (fo=0)                   0.000     0.000    clk
    E3                   IBUF (Prop_ibuf_I_O)         1.489     1.489 r  clk_IBUF_inst/O
                         net (fo=1, routed)           1.967     3.455    clk_IBUF
    BUFGCTRL_X0Y16       BUFG (Prop_bufg_I_O)         0.096     3.551 r  clk_IBUF_BUFG_inst/O
                         net (fo=7442, routed)        1.558     5.110    clk_IBUF_BUFG
    SLICE_X35Y33         FDRE                                         r  bg_pixel_addr_0_reg[6]/C
  -------------------------------------------------------------------    -------------------
    SLICE_X35Y33         FDRE (Prop_fdre_C_Q)         0.456     5.566 r  bg_pixel_addr_0_reg[6]/Q
                         net (fo=10398, routed)       3.789     9.355    ram3/RAM_reg_11264_11519_7_7/A6
    SLICE_X6Y95          MUXF7 (Prop_muxf7_S_O)       0.314     9.669 r  ram3/RAM_reg_11264_11519_7_7/F7.B/O
                         net (fo=1, routed)           0.000     9.669    ram3/RAM_reg_11264_11519_7_7/O0
    SLICE_X6Y95          MUXF8 (Prop_muxf8_I0_O)      0.098     9.767 r  ram3/RAM_reg_11264_11519_7_7/F8/O
                         net (fo=1, routed)           0.692    10.460    ram3/RAM_reg_11264_11519_7_7_n_0
    SLICE_X7Y91          LUT6 (Prop_lut6_I5_O)        0.319    10.779 r  ram3/data_o[7]_i_27/O
                         net (fo=1, routed)           0.000    10.779    ram3/data_o[7]_i_27_n_0
    SLICE_X7Y91          MUXF7 (Prop_muxf7_I1_O)      0.217    10.996 r  ram3/data_o_reg[7]_i_13/O
                         net (fo=1, routed)           0.000    10.996    ram3/data_o_reg[7]_i_13_n_0
    SLICE_X7Y91          MUXF8 (Prop_muxf8_I1_O)      0.094    11.090 r  ram3/data_o_reg[7]_i_5/O
                         net (fo=1, routed)           2.474    13.563    ram3/data_o_reg[7]_i_5_n_0
    SLICE_X43Y64         LUT6 (Prop_lut6_I1_O)        0.316    13.879 r  ram3/data_o[7]_i_2/O
                         net (fo=1, routed)           0.000    13.879    ram3/data_o[7]_i_2_n_0
    SLICE_X43Y64         MUXF7 (Prop_muxf7_I0_O)      0.212    14.091 r  ram3/data_o_reg[7]_i_1/O
                         net (fo=1, routed)           0.000    14.091    ram3/data_o0[7]
    SLICE_X43Y64         FDRE                                         r  ram3/data_o_reg[7]/D
  -------------------------------------------------------------------    -------------------

                         (clock sys_clk_pin rise edge)
                                                     10.000    10.000 r  
    E3                                                0.000    10.000 r  clk (IN)
                         net (fo=0)                   0.000    10.000    clk
    E3                   IBUF (Prop_ibuf_I_O)         1.418    11.418 r  clk_IBUF_inst/O
                         net (fo=1, routed)           1.862    13.280    clk_IBUF
    BUFGCTRL_X0Y16       BUFG (Prop_bufg_I_O)         0.091    13.371 r  clk_IBUF_BUFG_inst/O
                         net (fo=7442, routed)        1.429    14.800    ram3/clk_IBUF_BUFG
    SLICE_X43Y64         FDRE                                         r  ram3/data_o_reg[7]/C
                         clock pessimism              0.180    14.980    
                         clock uncertainty           -0.035    14.945    
    SLICE_X43Y64         FDRE (Setup_fdre_C_D)        0.064    15.009    ram3/data_o_reg[7]
  -------------------------------------------------------------------
                         required time                         15.009    
                         arrival time                         -14.091    
  -------------------------------------------------------------------
                         slack                                  0.917    

Slack (MET) :             0.967ns  (required time - arrival time)
  Source:                 score_cal/FSM_sequential_P_reg[2]/C
                            (rising edge-triggered cell FDSE clocked by sys_clk_pin  {rise@0.000ns fall@5.000ns period=10.000ns})
  Destination:            snake_y_reg[8][4]/CE
                            (rising edge-triggered cell FDRE clocked by sys_clk_pin  {rise@0.000ns fall@5.000ns period=10.000ns})
  Path Group:             sys_clk_pin
  Path Type:              Setup (Max at Slow Process Corner)
  Requirement:            10.000ns  (sys_clk_pin rise@10.000ns - sys_clk_pin rise@0.000ns)
  Data Path Delay:        8.485ns  (logic 1.595ns (18.797%)  route 6.890ns (81.203%))
  Logic Levels:           6  (LUT3=1 LUT4=1 LUT6=4)
  Clock Path Skew:        -0.104ns (DCD - SCD + CPR)
    Destination Clock Delay (DCD):    4.823ns = ( 14.823 - 10.000 ) 
    Source Clock Delay      (SCD):    5.186ns
    Clock Pessimism Removal (CPR):    0.259ns
  Clock Uncertainty:      0.035ns  ((TSJ^2 + TIJ^2)^1/2 + DJ) / 2 + PE
    Total System Jitter     (TSJ):    0.071ns
    Total Input Jitter      (TIJ):    0.000ns
    Discrete Jitter          (DJ):    0.000ns
    Phase Error              (PE):    0.000ns

    Location             Delay type                Incr(ns)  Path(ns)    Netlist Resource(s)
  -------------------------------------------------------------------    -------------------
                         (clock sys_clk_pin rise edge)
                                                      0.000     0.000 r  
    E3                                                0.000     0.000 r  clk (IN)
                         net (fo=0)                   0.000     0.000    clk
    E3                   IBUF (Prop_ibuf_I_O)         1.489     1.489 r  clk_IBUF_inst/O
                         net (fo=1, routed)           1.967     3.455    clk_IBUF
    BUFGCTRL_X0Y16       BUFG (Prop_bufg_I_O)         0.096     3.551 r  clk_IBUF_BUFG_inst/O
                         net (fo=7442, routed)        1.634     5.186    score_cal/clk_IBUF_BUFG
    SLICE_X58Y14         FDSE                                         r  score_cal/FSM_sequential_P_reg[2]/C
  -------------------------------------------------------------------    -------------------
    SLICE_X58Y14         FDSE (Prop_fdse_C_Q)         0.419     5.605 r  score_cal/FSM_sequential_P_reg[2]/Q
                         net (fo=35, routed)          1.245     6.850    score_cal/FSM_sequential_P_reg_n_0_[2]
    SLICE_X53Y19         LUT3 (Prop_lut3_I1_O)        0.325     7.175 r  score_cal/snake_x[0][7]_i_119/O
                         net (fo=2, routed)           1.744     8.919    score_cal/snake_x[0][7]_i_119_n_0
    SLICE_X62Y3          LUT6 (Prop_lut6_I3_O)        0.326     9.245 r  score_cal/snake_x[0][7]_i_137/O
                         net (fo=2, routed)           0.455     9.700    score_cal/snake_x[0][7]_i_137_n_0
    SLICE_X61Y4          LUT6 (Prop_lut6_I5_O)        0.124     9.824 f  score_cal/snake_x[0][7]_i_86/O
                         net (fo=2, routed)           0.650    10.474    score_cal/snake_x[0][7]_i_86_n_0
    SLICE_X61Y3          LUT6 (Prop_lut6_I5_O)        0.124    10.598 f  score_cal/snake_x[0][7]_i_25/O
                         net (fo=2, routed)           0.589    11.187    score_cal/snake_x[0][7]_i_25_n_0
    SLICE_X63Y3          LUT6 (Prop_lut6_I5_O)        0.124    11.311 r  score_cal/snake_x[0][7]_i_6/O
                         net (fo=4, routed)           0.812    12.122    score_cal/snake_x[0][7]_i_6_n_0
    SLICE_X58Y4          LUT4 (Prop_lut4_I1_O)        0.153    12.275 r  score_cal/snake_x[1][7]_i_1/O
                         net (fo=129, routed)         1.396    13.671    score_cal_n_31
    SLICE_X41Y2          FDRE                                         r  snake_y_reg[8][4]/CE
  -------------------------------------------------------------------    -------------------

                         (clock sys_clk_pin rise edge)
                                                     10.000    10.000 r  
    E3                                                0.000    10.000 r  clk (IN)
                         net (fo=0)                   0.000    10.000    clk
    E3                   IBUF (Prop_ibuf_I_O)         1.418    11.418 r  clk_IBUF_inst/O
                         net (fo=1, routed)           1.862    13.280    clk_IBUF
    BUFGCTRL_X0Y16       BUFG (Prop_bufg_I_O)         0.091    13.371 r  clk_IBUF_BUFG_inst/O
                         net (fo=7442, routed)        1.451    14.823    clk_IBUF_BUFG
    SLICE_X41Y2          FDRE                                         r  snake_y_reg[8][4]/C
                         clock pessimism              0.259    15.082    
                         clock uncertainty           -0.035    15.046    
    SLICE_X41Y2          FDRE (Setup_fdre_C_CE)      -0.408    14.638    snake_y_reg[8][4]
  -------------------------------------------------------------------
                         required time                         14.638    
                         arrival time                         -13.671    
  -------------------------------------------------------------------
                         slack                                  0.967    

Slack (MET) :             0.971ns  (required time - arrival time)
  Source:                 score_cal/FSM_sequential_P_reg[2]/C
                            (rising edge-triggered cell FDSE clocked by sys_clk_pin  {rise@0.000ns fall@5.000ns period=10.000ns})
  Destination:            snake_x_reg[8][3]/CE
                            (rising edge-triggered cell FDSE clocked by sys_clk_pin  {rise@0.000ns fall@5.000ns period=10.000ns})
  Path Group:             sys_clk_pin
  Path Type:              Setup (Max at Slow Process Corner)
  Requirement:            10.000ns  (sys_clk_pin rise@10.000ns - sys_clk_pin rise@0.000ns)
  Data Path Delay:        8.480ns  (logic 1.595ns (18.809%)  route 6.885ns (81.191%))
  Logic Levels:           6  (LUT3=1 LUT4=1 LUT6=4)
  Clock Path Skew:        -0.106ns (DCD - SCD + CPR)
    Destination Clock Delay (DCD):    4.821ns = ( 14.821 - 10.000 ) 
    Source Clock Delay      (SCD):    5.186ns
    Clock Pessimism Removal (CPR):    0.259ns
  Clock Uncertainty:      0.035ns  ((TSJ^2 + TIJ^2)^1/2 + DJ) / 2 + PE
    Total System Jitter     (TSJ):    0.071ns
    Total Input Jitter      (TIJ):    0.000ns
    Discrete Jitter          (DJ):    0.000ns
    Phase Error              (PE):    0.000ns

    Location             Delay type                Incr(ns)  Path(ns)    Netlist Resource(s)
  -------------------------------------------------------------------    -------------------
                         (clock sys_clk_pin rise edge)
                                                      0.000     0.000 r  
    E3                                                0.000     0.000 r  clk (IN)
                         net (fo=0)                   0.000     0.000    clk
    E3                   IBUF (Prop_ibuf_I_O)         1.489     1.489 r  clk_IBUF_inst/O
                         net (fo=1, routed)           1.967     3.455    clk_IBUF
    BUFGCTRL_X0Y16       BUFG (Prop_bufg_I_O)         0.096     3.551 r  clk_IBUF_BUFG_inst/O
                         net (fo=7442, routed)        1.634     5.186    score_cal/clk_IBUF_BUFG
    SLICE_X58Y14         FDSE                                         r  score_cal/FSM_sequential_P_reg[2]/C
  -------------------------------------------------------------------    -------------------
    SLICE_X58Y14         FDSE (Prop_fdse_C_Q)         0.419     5.605 r  score_cal/FSM_sequential_P_reg[2]/Q
                         net (fo=35, routed)          1.245     6.850    score_cal/FSM_sequential_P_reg_n_0_[2]
    SLICE_X53Y19         LUT3 (Prop_lut3_I1_O)        0.325     7.175 r  score_cal/snake_x[0][7]_i_119/O
                         net (fo=2, routed)           1.744     8.919    score_cal/snake_x[0][7]_i_119_n_0
    SLICE_X62Y3          LUT6 (Prop_lut6_I3_O)        0.326     9.245 r  score_cal/snake_x[0][7]_i_137/O
                         net (fo=2, routed)           0.455     9.700    score_cal/snake_x[0][7]_i_137_n_0
    SLICE_X61Y4          LUT6 (Prop_lut6_I5_O)        0.124     9.824 f  score_cal/snake_x[0][7]_i_86/O
                         net (fo=2, routed)           0.650    10.474    score_cal/snake_x[0][7]_i_86_n_0
    SLICE_X61Y3          LUT6 (Prop_lut6_I5_O)        0.124    10.598 f  score_cal/snake_x[0][7]_i_25/O
                         net (fo=2, routed)           0.589    11.187    score_cal/snake_x[0][7]_i_25_n_0
    SLICE_X63Y3          LUT6 (Prop_lut6_I5_O)        0.124    11.311 r  score_cal/snake_x[0][7]_i_6/O
                         net (fo=4, routed)           0.812    12.122    score_cal/snake_x[0][7]_i_6_n_0
    SLICE_X58Y4          LUT4 (Prop_lut4_I1_O)        0.153    12.275 r  score_cal/snake_x[1][7]_i_1/O
                         net (fo=129, routed)         1.390    13.666    score_cal_n_31
    SLICE_X41Y7          FDSE                                         r  snake_x_reg[8][3]/CE
  -------------------------------------------------------------------    -------------------

                         (clock sys_clk_pin rise edge)
                                                     10.000    10.000 r  
    E3                                                0.000    10.000 r  clk (IN)
                         net (fo=0)                   0.000    10.000    clk
    E3                   IBUF (Prop_ibuf_I_O)         1.418    11.418 r  clk_IBUF_inst/O
                         net (fo=1, routed)           1.862    13.280    clk_IBUF
    BUFGCTRL_X0Y16       BUFG (Prop_bufg_I_O)         0.091    13.371 r  clk_IBUF_BUFG_inst/O
                         net (fo=7442, routed)        1.449    14.821    clk_IBUF_BUFG
    SLICE_X41Y7          FDSE                                         r  snake_x_reg[8][3]/C
                         clock pessimism              0.259    15.080    
                         clock uncertainty           -0.035    15.044    
    SLICE_X41Y7          FDSE (Setup_fdse_C_CE)      -0.408    14.636    snake_x_reg[8][3]
  -------------------------------------------------------------------
                         required time                         14.636    
                         arrival time                         -13.666    
  -------------------------------------------------------------------
                         slack                                  0.971    

Slack (MET) :             0.971ns  (required time - arrival time)
  Source:                 score_cal/FSM_sequential_P_reg[2]/C
                            (rising edge-triggered cell FDSE clocked by sys_clk_pin  {rise@0.000ns fall@5.000ns period=10.000ns})
  Destination:            snake_x_reg[8][5]/CE
                            (rising edge-triggered cell FDRE clocked by sys_clk_pin  {rise@0.000ns fall@5.000ns period=10.000ns})
  Path Group:             sys_clk_pin
  Path Type:              Setup (Max at Slow Process Corner)
  Requirement:            10.000ns  (sys_clk_pin rise@10.000ns - sys_clk_pin rise@0.000ns)
  Data Path Delay:        8.480ns  (logic 1.595ns (18.809%)  route 6.885ns (81.191%))
  Logic Levels:           6  (LUT3=1 LUT4=1 LUT6=4)
  Clock Path Skew:        -0.106ns (DCD - SCD + CPR)
    Destination Clock Delay (DCD):    4.821ns = ( 14.821 - 10.000 ) 
    Source Clock Delay      (SCD):    5.186ns
    Clock Pessimism Removal (CPR):    0.259ns
  Clock Uncertainty:      0.035ns  ((TSJ^2 + TIJ^2)^1/2 + DJ) / 2 + PE
    Total System Jitter     (TSJ):    0.071ns
    Total Input Jitter      (TIJ):    0.000ns
    Discrete Jitter          (DJ):    0.000ns
    Phase Error              (PE):    0.000ns

    Location             Delay type                Incr(ns)  Path(ns)    Netlist Resource(s)
  -------------------------------------------------------------------    -------------------
                         (clock sys_clk_pin rise edge)
                                                      0.000     0.000 r  
    E3                                                0.000     0.000 r  clk (IN)
                         net (fo=0)                   0.000     0.000    clk
    E3                   IBUF (Prop_ibuf_I_O)         1.489     1.489 r  clk_IBUF_inst/O
                         net (fo=1, routed)           1.967     3.455    clk_IBUF
    BUFGCTRL_X0Y16       BUFG (Prop_bufg_I_O)         0.096     3.551 r  clk_IBUF_BUFG_inst/O
                         net (fo=7442, routed)        1.634     5.186    score_cal/clk_IBUF_BUFG
    SLICE_X58Y14         FDSE                                         r  score_cal/FSM_sequential_P_reg[2]/C
  -------------------------------------------------------------------    -------------------
    SLICE_X58Y14         FDSE (Prop_fdse_C_Q)         0.419     5.605 r  score_cal/FSM_sequential_P_reg[2]/Q
                         net (fo=35, routed)          1.245     6.850    score_cal/FSM_sequential_P_reg_n_0_[2]
    SLICE_X53Y19         LUT3 (Prop_lut3_I1_O)        0.325     7.175 r  score_cal/snake_x[0][7]_i_119/O
                         net (fo=2, routed)           1.744     8.919    score_cal/snake_x[0][7]_i_119_n_0
    SLICE_X62Y3          LUT6 (Prop_lut6_I3_O)        0.326     9.245 r  score_cal/snake_x[0][7]_i_137/O
                         net (fo=2, routed)           0.455     9.700    score_cal/snake_x[0][7]_i_137_n_0
    SLICE_X61Y4          LUT6 (Prop_lut6_I5_O)        0.124     9.824 f  score_cal/snake_x[0][7]_i_86/O
                         net (fo=2, routed)           0.650    10.474    score_cal/snake_x[0][7]_i_86_n_0
    SLICE_X61Y3          LUT6 (Prop_lut6_I5_O)        0.124    10.598 f  score_cal/snake_x[0][7]_i_25/O
                         net (fo=2, routed)           0.589    11.187    score_cal/snake_x[0][7]_i_25_n_0
    SLICE_X63Y3          LUT6 (Prop_lut6_I5_O)        0.124    11.311 r  score_cal/snake_x[0][7]_i_6/O
                         net (fo=4, routed)           0.812    12.122    score_cal/snake_x[0][7]_i_6_n_0
    SLICE_X58Y4          LUT4 (Prop_lut4_I1_O)        0.153    12.275 r  score_cal/snake_x[1][7]_i_1/O
                         net (fo=129, routed)         1.390    13.666    score_cal_n_31
    SLICE_X41Y7          FDRE                                         r  snake_x_reg[8][5]/CE
  -------------------------------------------------------------------    -------------------

                         (clock sys_clk_pin rise edge)
                                                     10.000    10.000 r  
    E3                                                0.000    10.000 r  clk (IN)
                         net (fo=0)                   0.000    10.000    clk
    E3                   IBUF (Prop_ibuf_I_O)         1.418    11.418 r  clk_IBUF_inst/O
                         net (fo=1, routed)           1.862    13.280    clk_IBUF
    BUFGCTRL_X0Y16       BUFG (Prop_bufg_I_O)         0.091    13.371 r  clk_IBUF_BUFG_inst/O
                         net (fo=7442, routed)        1.449    14.821    clk_IBUF_BUFG
    SLICE_X41Y7          FDRE                                         r  snake_x_reg[8][5]/C
                         clock pessimism              0.259    15.080    
                         clock uncertainty           -0.035    15.044    
    SLICE_X41Y7          FDRE (Setup_fdre_C_CE)      -0.408    14.636    snake_x_reg[8][5]
  -------------------------------------------------------------------
                         required time                         14.636    
                         arrival time                         -13.666    
  -------------------------------------------------------------------
                         slack                                  0.971    

Slack (MET) :             0.971ns  (required time - arrival time)
  Source:                 score_cal/FSM_sequential_P_reg[2]/C
                            (rising edge-triggered cell FDSE clocked by sys_clk_pin  {rise@0.000ns fall@5.000ns period=10.000ns})
  Destination:            snake_x_reg[8][6]/CE
                            (rising edge-triggered cell FDRE clocked by sys_clk_pin  {rise@0.000ns fall@5.000ns period=10.000ns})
  Path Group:             sys_clk_pin
  Path Type:              Setup (Max at Slow Process Corner)
  Requirement:            10.000ns  (sys_clk_pin rise@10.000ns - sys_clk_pin rise@0.000ns)
  Data Path Delay:        8.480ns  (logic 1.595ns (18.809%)  route 6.885ns (81.191%))
  Logic Levels:           6  (LUT3=1 LUT4=1 LUT6=4)
  Clock Path Skew:        -0.106ns (DCD - SCD + CPR)
    Destination Clock Delay (DCD):    4.821ns = ( 14.821 - 10.000 ) 
    Source Clock Delay      (SCD):    5.186ns
    Clock Pessimism Removal (CPR):    0.259ns
  Clock Uncertainty:      0.035ns  ((TSJ^2 + TIJ^2)^1/2 + DJ) / 2 + PE
    Total System Jitter     (TSJ):    0.071ns
    Total Input Jitter      (TIJ):    0.000ns
    Discrete Jitter          (DJ):    0.000ns
    Phase Error              (PE):    0.000ns

    Location             Delay type                Incr(ns)  Path(ns)    Netlist Resource(s)
  -------------------------------------------------------------------    -------------------
                         (clock sys_clk_pin rise edge)
                                                      0.000     0.000 r  
    E3                                                0.000     0.000 r  clk (IN)
                         net (fo=0)                   0.000     0.000    clk
    E3                   IBUF (Prop_ibuf_I_O)         1.489     1.489 r  clk_IBUF_inst/O
                         net (fo=1, routed)           1.967     3.455    clk_IBUF
    BUFGCTRL_X0Y16       BUFG (Prop_bufg_I_O)         0.096     3.551 r  clk_IBUF_BUFG_inst/O
                         net (fo=7442, routed)        1.634     5.186    score_cal/clk_IBUF_BUFG
    SLICE_X58Y14         FDSE                                         r  score_cal/FSM_sequential_P_reg[2]/C
  -------------------------------------------------------------------    -------------------
    SLICE_X58Y14         FDSE (Prop_fdse_C_Q)         0.419     5.605 r  score_cal/FSM_sequential_P_reg[2]/Q
                         net (fo=35, routed)          1.245     6.850    score_cal/FSM_sequential_P_reg_n_0_[2]
    SLICE_X53Y19         LUT3 (Prop_lut3_I1_O)        0.325     7.175 r  score_cal/snake_x[0][7]_i_119/O
                         net (fo=2, routed)           1.744     8.919    score_cal/snake_x[0][7]_i_119_n_0
    SLICE_X62Y3          LUT6 (Prop_lut6_I3_O)        0.326     9.245 r  score_cal/snake_x[0][7]_i_137/O
                         net (fo=2, routed)           0.455     9.700    score_cal/snake_x[0][7]_i_137_n_0
    SLICE_X61Y4          LUT6 (Prop_lut6_I5_O)        0.124     9.824 f  score_cal/snake_x[0][7]_i_86/O
                         net (fo=2, routed)           0.650    10.474    score_cal/snake_x[0][7]_i_86_n_0
    SLICE_X61Y3          LUT6 (Prop_lut6_I5_O)        0.124    10.598 f  score_cal/snake_x[0][7]_i_25/O
                         net (fo=2, routed)           0.589    11.187    score_cal/snake_x[0][7]_i_25_n_0
    SLICE_X63Y3          LUT6 (Prop_lut6_I5_O)        0.124    11.311 r  score_cal/snake_x[0][7]_i_6/O
                         net (fo=4, routed)           0.812    12.122    score_cal/snake_x[0][7]_i_6_n_0
    SLICE_X58Y4          LUT4 (Prop_lut4_I1_O)        0.153    12.275 r  score_cal/snake_x[1][7]_i_1/O
                         net (fo=129, routed)         1.390    13.666    score_cal_n_31
    SLICE_X41Y7          FDRE                                         r  snake_x_reg[8][6]/CE
  -------------------------------------------------------------------    -------------------

                         (clock sys_clk_pin rise edge)
                                                     10.000    10.000 r  
    E3                                                0.000    10.000 r  clk (IN)
                         net (fo=0)                   0.000    10.000    clk
    E3                   IBUF (Prop_ibuf_I_O)         1.418    11.418 r  clk_IBUF_inst/O
                         net (fo=1, routed)           1.862    13.280    clk_IBUF
    BUFGCTRL_X0Y16       BUFG (Prop_bufg_I_O)         0.091    13.371 r  clk_IBUF_BUFG_inst/O
                         net (fo=7442, routed)        1.449    14.821    clk_IBUF_BUFG
    SLICE_X41Y7          FDRE                                         r  snake_x_reg[8][6]/C
                         clock pessimism              0.259    15.080    
                         clock uncertainty           -0.035    15.044    
    SLICE_X41Y7          FDRE (Setup_fdre_C_CE)      -0.408    14.636    snake_x_reg[8][6]
  -------------------------------------------------------------------
                         required time                         14.636    
                         arrival time                         -13.666    
  -------------------------------------------------------------------
                         slack                                  0.971    

Slack (MET) :             0.972ns  (required time - arrival time)
  Source:                 score_cal/FSM_sequential_P_reg[2]/C
                            (rising edge-triggered cell FDSE clocked by sys_clk_pin  {rise@0.000ns fall@5.000ns period=10.000ns})
  Destination:            snake_x_reg[8][0]/CE
                            (rising edge-triggered cell FDRE clocked by sys_clk_pin  {rise@0.000ns fall@5.000ns period=10.000ns})
  Path Group:             sys_clk_pin
  Path Type:              Setup (Max at Slow Process Corner)
  Requirement:            10.000ns  (sys_clk_pin rise@10.000ns - sys_clk_pin rise@0.000ns)
  Data Path Delay:        8.480ns  (logic 1.595ns (18.809%)  route 6.885ns (81.191%))
  Logic Levels:           6  (LUT3=1 LUT4=1 LUT6=4)
  Clock Path Skew:        -0.105ns (DCD - SCD + CPR)
    Destination Clock Delay (DCD):    4.822ns = ( 14.822 - 10.000 ) 
    Source Clock Delay      (SCD):    5.186ns
    Clock Pessimism Removal (CPR):    0.259ns
  Clock Uncertainty:      0.035ns  ((TSJ^2 + TIJ^2)^1/2 + DJ) / 2 + PE
    Total System Jitter     (TSJ):    0.071ns
    Total Input Jitter      (TIJ):    0.000ns
    Discrete Jitter          (DJ):    0.000ns
    Phase Error              (PE):    0.000ns

    Location             Delay type                Incr(ns)  Path(ns)    Netlist Resource(s)
  -------------------------------------------------------------------    -------------------
                         (clock sys_clk_pin rise edge)
                                                      0.000     0.000 r  
    E3                                                0.000     0.000 r  clk (IN)
                         net (fo=0)                   0.000     0.000    clk
    E3                   IBUF (Prop_ibuf_I_O)         1.489     1.489 r  clk_IBUF_inst/O
                         net (fo=1, routed)           1.967     3.455    clk_IBUF
    BUFGCTRL_X0Y16       BUFG (Prop_bufg_I_O)         0.096     3.551 r  clk_IBUF_BUFG_inst/O
                         net (fo=7442, routed)        1.634     5.186    score_cal/clk_IBUF_BUFG
    SLICE_X58Y14         FDSE                                         r  score_cal/FSM_sequential_P_reg[2]/C
  -------------------------------------------------------------------    -------------------
    SLICE_X58Y14         FDSE (Prop_fdse_C_Q)         0.419     5.605 r  score_cal/FSM_sequential_P_reg[2]/Q
                         net (fo=35, routed)          1.245     6.850    score_cal/FSM_sequential_P_reg_n_0_[2]
    SLICE_X53Y19         LUT3 (Prop_lut3_I1_O)        0.325     7.175 r  score_cal/snake_x[0][7]_i_119/O
                         net (fo=2, routed)           1.744     8.919    score_cal/snake_x[0][7]_i_119_n_0
    SLICE_X62Y3          LUT6 (Prop_lut6_I3_O)        0.326     9.245 r  score_cal/snake_x[0][7]_i_137/O
                         net (fo=2, routed)           0.455     9.700    score_cal/snake_x[0][7]_i_137_n_0
    SLICE_X61Y4          LUT6 (Prop_lut6_I5_O)        0.124     9.824 f  score_cal/snake_x[0][7]_i_86/O
                         net (fo=2, routed)           0.650    10.474    score_cal/snake_x[0][7]_i_86_n_0
    SLICE_X61Y3          LUT6 (Prop_lut6_I5_O)        0.124    10.598 f  score_cal/snake_x[0][7]_i_25/O
                         net (fo=2, routed)           0.589    11.187    score_cal/snake_x[0][7]_i_25_n_0
    SLICE_X63Y3          LUT6 (Prop_lut6_I5_O)        0.124    11.311 r  score_cal/snake_x[0][7]_i_6/O
                         net (fo=4, routed)           0.812    12.122    score_cal/snake_x[0][7]_i_6_n_0
    SLICE_X58Y4          LUT4 (Prop_lut4_I1_O)        0.153    12.275 r  score_cal/snake_x[1][7]_i_1/O
                         net (fo=129, routed)         1.390    13.666    score_cal_n_31
    SLICE_X41Y6          FDRE                                         r  snake_x_reg[8][0]/CE
  -------------------------------------------------------------------    -------------------

                         (clock sys_clk_pin rise edge)
                                                     10.000    10.000 r  
    E3                                                0.000    10.000 r  clk (IN)
                         net (fo=0)                   0.000    10.000    clk
    E3                   IBUF (Prop_ibuf_I_O)         1.418    11.418 r  clk_IBUF_inst/O
                         net (fo=1, routed)           1.862    13.280    clk_IBUF
    BUFGCTRL_X0Y16       BUFG (Prop_bufg_I_O)         0.091    13.371 r  clk_IBUF_BUFG_inst/O
                         net (fo=7442, routed)        1.450    14.822    clk_IBUF_BUFG
    SLICE_X41Y6          FDRE                                         r  snake_x_reg[8][0]/C
                         clock pessimism              0.259    15.081    
                         clock uncertainty           -0.035    15.045    
    SLICE_X41Y6          FDRE (Setup_fdre_C_CE)      -0.408    14.637    snake_x_reg[8][0]
  -------------------------------------------------------------------
                         required time                         14.637    
                         arrival time                         -13.666    
  -------------------------------------------------------------------
                         slack                                  0.972    

Slack (MET) :             0.972ns  (required time - arrival time)
  Source:                 score_cal/FSM_sequential_P_reg[2]/C
                            (rising edge-triggered cell FDSE clocked by sys_clk_pin  {rise@0.000ns fall@5.000ns period=10.000ns})
  Destination:            snake_x_reg[8][1]/CE
                            (rising edge-triggered cell FDSE clocked by sys_clk_pin  {rise@0.000ns fall@5.000ns period=10.000ns})
  Path Group:             sys_clk_pin
  Path Type:              Setup (Max at Slow Process Corner)
  Requirement:            10.000ns  (sys_clk_pin rise@10.000ns - sys_clk_pin rise@0.000ns)
  Data Path Delay:        8.480ns  (logic 1.595ns (18.809%)  route 6.885ns (81.191%))
  Logic Levels:           6  (LUT3=1 LUT4=1 LUT6=4)
  Clock Path Skew:        -0.105ns (DCD - SCD + CPR)
    Destination Clock Delay (DCD):    4.822ns = ( 14.822 - 10.000 ) 
    Source Clock Delay      (SCD):    5.186ns
    Clock Pessimism Removal (CPR):    0.259ns
  Clock Uncertainty:      0.035ns  ((TSJ^2 + TIJ^2)^1/2 + DJ) / 2 + PE
    Total System Jitter     (TSJ):    0.071ns
    Total Input Jitter      (TIJ):    0.000ns
    Discrete Jitter          (DJ):    0.000ns
    Phase Error              (PE):    0.000ns

    Location             Delay type                Incr(ns)  Path(ns)    Netlist Resource(s)
  -------------------------------------------------------------------    -------------------
                         (clock sys_clk_pin rise edge)
                                                      0.000     0.000 r  
    E3                                                0.000     0.000 r  clk (IN)
                         net (fo=0)                   0.000     0.000    clk
    E3                   IBUF (Prop_ibuf_I_O)         1.489     1.489 r  clk_IBUF_inst/O
                         net (fo=1, routed)           1.967     3.455    clk_IBUF
    BUFGCTRL_X0Y16       BUFG (Prop_bufg_I_O)         0.096     3.551 r  clk_IBUF_BUFG_inst/O
                         net (fo=7442, routed)        1.634     5.186    score_cal/clk_IBUF_BUFG
    SLICE_X58Y14         FDSE                                         r  score_cal/FSM_sequential_P_reg[2]/C
  -------------------------------------------------------------------    -------------------
    SLICE_X58Y14         FDSE (Prop_fdse_C_Q)         0.419     5.605 r  score_cal/FSM_sequential_P_reg[2]/Q
                         net (fo=35, routed)          1.245     6.850    score_cal/FSM_sequential_P_reg_n_0_[2]
    SLICE_X53Y19         LUT3 (Prop_lut3_I1_O)        0.325     7.175 r  score_cal/snake_x[0][7]_i_119/O
                         net (fo=2, routed)           1.744     8.919    score_cal/snake_x[0][7]_i_119_n_0
    SLICE_X62Y3          LUT6 (Prop_lut6_I3_O)        0.326     9.245 r  score_cal/snake_x[0][7]_i_137/O
                         net (fo=2, routed)           0.455     9.700    score_cal/snake_x[0][7]_i_137_n_0
    SLICE_X61Y4          LUT6 (Prop_lut6_I5_O)        0.124     9.824 f  score_cal/snake_x[0][7]_i_86/O
                         net (fo=2, routed)           0.650    10.474    score_cal/snake_x[0][7]_i_86_n_0
    SLICE_X61Y3          LUT6 (Prop_lut6_I5_O)        0.124    10.598 f  score_cal/snake_x[0][7]_i_25/O
                         net (fo=2, routed)           0.589    11.187    score_cal/snake_x[0][7]_i_25_n_0
    SLICE_X63Y3          LUT6 (Prop_lut6_I5_O)        0.124    11.311 r  score_cal/snake_x[0][7]_i_6/O
                         net (fo=4, routed)           0.812    12.122    score_cal/snake_x[0][7]_i_6_n_0
    SLICE_X58Y4          LUT4 (Prop_lut4_I1_O)        0.153    12.275 r  score_cal/snake_x[1][7]_i_1/O
                         net (fo=129, routed)         1.390    13.666    score_cal_n_31
    SLICE_X41Y6          FDSE                                         r  snake_x_reg[8][1]/CE
  -------------------------------------------------------------------    -------------------

                         (clock sys_clk_pin rise edge)
                                                     10.000    10.000 r  
    E3                                                0.000    10.000 r  clk (IN)
                         net (fo=0)                   0.000    10.000    clk
    E3                   IBUF (Prop_ibuf_I_O)         1.418    11.418 r  clk_IBUF_inst/O
                         net (fo=1, routed)           1.862    13.280    clk_IBUF
    BUFGCTRL_X0Y16       BUFG (Prop_bufg_I_O)         0.091    13.371 r  clk_IBUF_BUFG_inst/O
                         net (fo=7442, routed)        1.450    14.822    clk_IBUF_BUFG
    SLICE_X41Y6          FDSE                                         r  snake_x_reg[8][1]/C
                         clock pessimism              0.259    15.081    
                         clock uncertainty           -0.035    15.045    
    SLICE_X41Y6          FDSE (Setup_fdse_C_CE)      -0.408    14.637    snake_x_reg[8][1]
  -------------------------------------------------------------------
                         required time                         14.637    
                         arrival time                         -13.666    
  -------------------------------------------------------------------
                         slack                                  0.972    

Slack (MET) :             0.984ns  (required time - arrival time)
  Source:                 score_cal/FSM_sequential_P_reg[2]/C
                            (rising edge-triggered cell FDSE clocked by sys_clk_pin  {rise@0.000ns fall@5.000ns period=10.000ns})
  Destination:            snake_y_reg[5][7]/CE
                            (rising edge-triggered cell FDRE clocked by sys_clk_pin  {rise@0.000ns fall@5.000ns period=10.000ns})
  Path Group:             sys_clk_pin
  Path Type:              Setup (Max at Slow Process Corner)
  Requirement:            10.000ns  (sys_clk_pin rise@10.000ns - sys_clk_pin rise@0.000ns)
  Data Path Delay:        8.467ns  (logic 1.595ns (18.837%)  route 6.872ns (81.163%))
  Logic Levels:           6  (LUT3=1 LUT4=1 LUT6=4)
  Clock Path Skew:        -0.105ns (DCD - SCD + CPR)
    Destination Clock Delay (DCD):    4.822ns = ( 14.822 - 10.000 ) 
    Source Clock Delay      (SCD):    5.186ns
    Clock Pessimism Removal (CPR):    0.259ns
  Clock Uncertainty:      0.035ns  ((TSJ^2 + TIJ^2)^1/2 + DJ) / 2 + PE
    Total System Jitter     (TSJ):    0.071ns
    Total Input Jitter      (TIJ):    0.000ns
    Discrete Jitter          (DJ):    0.000ns
    Phase Error              (PE):    0.000ns

    Location             Delay type                Incr(ns)  Path(ns)    Netlist Resource(s)
  -------------------------------------------------------------------    -------------------
                         (clock sys_clk_pin rise edge)
                                                      0.000     0.000 r  
    E3                                                0.000     0.000 r  clk (IN)
                         net (fo=0)                   0.000     0.000    clk
    E3                   IBUF (Prop_ibuf_I_O)         1.489     1.489 r  clk_IBUF_inst/O
                         net (fo=1, routed)           1.967     3.455    clk_IBUF
    BUFGCTRL_X0Y16       BUFG (Prop_bufg_I_O)         0.096     3.551 r  clk_IBUF_BUFG_inst/O
                         net (fo=7442, routed)        1.634     5.186    score_cal/clk_IBUF_BUFG
    SLICE_X58Y14         FDSE                                         r  score_cal/FSM_sequential_P_reg[2]/C
  -------------------------------------------------------------------    -------------------
    SLICE_X58Y14         FDSE (Prop_fdse_C_Q)         0.419     5.605 r  score_cal/FSM_sequential_P_reg[2]/Q
                         net (fo=35, routed)          1.245     6.850    score_cal/FSM_sequential_P_reg_n_0_[2]
    SLICE_X53Y19         LUT3 (Prop_lut3_I1_O)        0.325     7.175 r  score_cal/snake_x[0][7]_i_119/O
                         net (fo=2, routed)           1.744     8.919    score_cal/snake_x[0][7]_i_119_n_0
    SLICE_X62Y3          LUT6 (Prop_lut6_I3_O)        0.326     9.245 r  score_cal/snake_x[0][7]_i_137/O
                         net (fo=2, routed)           0.455     9.700    score_cal/snake_x[0][7]_i_137_n_0
    SLICE_X61Y4          LUT6 (Prop_lut6_I5_O)        0.124     9.824 f  score_cal/snake_x[0][7]_i_86/O
                         net (fo=2, routed)           0.650    10.474    score_cal/snake_x[0][7]_i_86_n_0
    SLICE_X61Y3          LUT6 (Prop_lut6_I5_O)        0.124    10.598 f  score_cal/snake_x[0][7]_i_25/O
                         net (fo=2, routed)           0.589    11.187    score_cal/snake_x[0][7]_i_25_n_0
    SLICE_X63Y3          LUT6 (Prop_lut6_I5_O)        0.124    11.311 r  score_cal/snake_x[0][7]_i_6/O
                         net (fo=4, routed)           0.812    12.122    score_cal/snake_x[0][7]_i_6_n_0
    SLICE_X58Y4          LUT4 (Prop_lut4_I1_O)        0.153    12.275 r  score_cal/snake_x[1][7]_i_1/O
                         net (fo=129, routed)         1.378    13.653    score_cal_n_31
    SLICE_X45Y8          FDRE                                         r  snake_y_reg[5][7]/CE
  -------------------------------------------------------------------    -------------------

                         (clock sys_clk_pin rise edge)
                                                     10.000    10.000 r  
    E3                                                0.000    10.000 r  clk (IN)
                         net (fo=0)                   0.000    10.000    clk
    E3                   IBUF (Prop_ibuf_I_O)         1.418    11.418 r  clk_IBUF_inst/O
                         net (fo=1, routed)           1.862    13.280    clk_IBUF
    BUFGCTRL_X0Y16       BUFG (Prop_bufg_I_O)         0.091    13.371 r  clk_IBUF_BUFG_inst/O
                         net (fo=7442, routed)        1.450    14.822    clk_IBUF_BUFG
    SLICE_X45Y8          FDRE                                         r  snake_y_reg[5][7]/C
                         clock pessimism              0.259    15.081    
                         clock uncertainty           -0.035    15.045    
    SLICE_X45Y8          FDRE (Setup_fdre_C_CE)      -0.408    14.637    snake_y_reg[5][7]
  -------------------------------------------------------------------
                         required time                         14.637    
                         arrival time                         -13.653    
  -------------------------------------------------------------------
                         slack                                  0.984    





Min Delay Paths
--------------------------------------------------------------------------------------
Slack (MET) :             0.056ns  (arrival time - required time)
  Source:                 bg_pixel_addr_0_reg[2]_replica_9/C
                            (rising edge-triggered cell FDRE clocked by sys_clk_pin  {rise@0.000ns fall@5.000ns period=10.000ns})
  Destination:            ram3/RAM_reg_11008_11263_5_5/RAMS64E_A/ADR2
                            (rising edge-triggered cell RAMS64E clocked by sys_clk_pin  {rise@0.000ns fall@5.000ns period=10.000ns})
  Path Group:             sys_clk_pin
  Path Type:              Hold (Min at Fast Process Corner)
  Requirement:            0.000ns  (sys_clk_pin rise@0.000ns - sys_clk_pin rise@0.000ns)
  Data Path Delay:        0.575ns  (logic 0.141ns (24.513%)  route 0.434ns (75.487%))
  Logic Levels:           0  
  Clock Path Skew:        0.265ns (DCD - SCD - CPR)
    Destination Clock Delay (DCD):    1.985ns
    Source Clock Delay      (SCD):    1.470ns
    Clock Pessimism Removal (CPR):    0.250ns

    Location             Delay type                Incr(ns)  Path(ns)    Netlist Resource(s)
  -------------------------------------------------------------------    -------------------
                         (clock sys_clk_pin rise edge)
                                                      0.000     0.000 r  
    E3                                                0.000     0.000 r  clk (IN)
                         net (fo=0)                   0.000     0.000    clk
    E3                   IBUF (Prop_ibuf_I_O)         0.257     0.257 r  clk_IBUF_inst/O
                         net (fo=1, routed)           0.631     0.888    clk_IBUF
    BUFGCTRL_X0Y16       BUFG (Prop_bufg_I_O)         0.026     0.914 r  clk_IBUF_BUFG_inst/O
                         net (fo=7442, routed)        0.557     1.470    clk_IBUF_BUFG
    SLICE_X41Y61         FDRE                                         r  bg_pixel_addr_0_reg[2]_replica_9/C
  -------------------------------------------------------------------    -------------------
    SLICE_X41Y61         FDRE (Prop_fdre_C_Q)         0.141     1.611 r  bg_pixel_addr_0_reg[2]_replica_9/Q
                         net (fo=860, routed)         0.434     2.046    ram3/RAM_reg_11008_11263_5_5/A2
    SLICE_X30Y57         RAMS64E                                      r  ram3/RAM_reg_11008_11263_5_5/RAMS64E_A/ADR2
  -------------------------------------------------------------------    -------------------

                         (clock sys_clk_pin rise edge)
                                                      0.000     0.000 r  
    E3                                                0.000     0.000 r  clk (IN)
                         net (fo=0)                   0.000     0.000    clk
    E3                   IBUF (Prop_ibuf_I_O)         0.445     0.445 r  clk_IBUF_inst/O
                         net (fo=1, routed)           0.685     1.129    clk_IBUF
    BUFGCTRL_X0Y16       BUFG (Prop_bufg_I_O)         0.029     1.158 r  clk_IBUF_BUFG_inst/O
                         net (fo=7442, routed)        0.826     1.985    ram3/RAM_reg_11008_11263_5_5/WCLK
    SLICE_X30Y57         RAMS64E                                      r  ram3/RAM_reg_11008_11263_5_5/RAMS64E_A/CLK
                         clock pessimism             -0.250     1.735    
    SLICE_X30Y57         RAMS64E (Hold_rams64e_CLK_ADR2)
                                                      0.254     1.989    ram3/RAM_reg_11008_11263_5_5/RAMS64E_A
  -------------------------------------------------------------------
                         required time                         -1.989    
                         arrival time                           2.046    
  -------------------------------------------------------------------
                         slack                                  0.056    

Slack (MET) :             0.056ns  (arrival time - required time)
  Source:                 bg_pixel_addr_0_reg[2]_replica_9/C
                            (rising edge-triggered cell FDRE clocked by sys_clk_pin  {rise@0.000ns fall@5.000ns period=10.000ns})
  Destination:            ram3/RAM_reg_11008_11263_5_5/RAMS64E_B/ADR2
                            (rising edge-triggered cell RAMS64E clocked by sys_clk_pin  {rise@0.000ns fall@5.000ns period=10.000ns})
  Path Group:             sys_clk_pin
  Path Type:              Hold (Min at Fast Process Corner)
  Requirement:            0.000ns  (sys_clk_pin rise@0.000ns - sys_clk_pin rise@0.000ns)
  Data Path Delay:        0.575ns  (logic 0.141ns (24.513%)  route 0.434ns (75.487%))
  Logic Levels:           0  
  Clock Path Skew:        0.265ns (DCD - SCD - CPR)
    Destination Clock Delay (DCD):    1.985ns
    Source Clock Delay      (SCD):    1.470ns
    Clock Pessimism Removal (CPR):    0.250ns

    Location             Delay type                Incr(ns)  Path(ns)    Netlist Resource(s)
  -------------------------------------------------------------------    -------------------
                         (clock sys_clk_pin rise edge)
                                                      0.000     0.000 r  
    E3                                                0.000     0.000 r  clk (IN)
                         net (fo=0)                   0.000     0.000    clk
    E3                   IBUF (Prop_ibuf_I_O)         0.257     0.257 r  clk_IBUF_inst/O
                         net (fo=1, routed)           0.631     0.888    clk_IBUF
    BUFGCTRL_X0Y16       BUFG (Prop_bufg_I_O)         0.026     0.914 r  clk_IBUF_BUFG_inst/O
                         net (fo=7442, routed)        0.557     1.470    clk_IBUF_BUFG
    SLICE_X41Y61         FDRE                                         r  bg_pixel_addr_0_reg[2]_replica_9/C
  -------------------------------------------------------------------    -------------------
    SLICE_X41Y61         FDRE (Prop_fdre_C_Q)         0.141     1.611 r  bg_pixel_addr_0_reg[2]_replica_9/Q
                         net (fo=860, routed)         0.434     2.046    ram3/RAM_reg_11008_11263_5_5/A2
    SLICE_X30Y57         RAMS64E                                      r  ram3/RAM_reg_11008_11263_5_5/RAMS64E_B/ADR2
  -------------------------------------------------------------------    -------------------

                         (clock sys_clk_pin rise edge)
                                                      0.000     0.000 r  
    E3                                                0.000     0.000 r  clk (IN)
                         net (fo=0)                   0.000     0.000    clk
    E3                   IBUF (Prop_ibuf_I_O)         0.445     0.445 r  clk_IBUF_inst/O
                         net (fo=1, routed)           0.685     1.129    clk_IBUF
    BUFGCTRL_X0Y16       BUFG (Prop_bufg_I_O)         0.029     1.158 r  clk_IBUF_BUFG_inst/O
                         net (fo=7442, routed)        0.826     1.985    ram3/RAM_reg_11008_11263_5_5/WCLK
    SLICE_X30Y57         RAMS64E                                      r  ram3/RAM_reg_11008_11263_5_5/RAMS64E_B/CLK
                         clock pessimism             -0.250     1.735    
    SLICE_X30Y57         RAMS64E (Hold_rams64e_CLK_ADR2)
                                                      0.254     1.989    ram3/RAM_reg_11008_11263_5_5/RAMS64E_B
  -------------------------------------------------------------------
                         required time                         -1.989    
                         arrival time                           2.046    
  -------------------------------------------------------------------
                         slack                                  0.056    

Slack (MET) :             0.056ns  (arrival time - required time)
  Source:                 bg_pixel_addr_0_reg[2]_replica_9/C
                            (rising edge-triggered cell FDRE clocked by sys_clk_pin  {rise@0.000ns fall@5.000ns period=10.000ns})
  Destination:            ram3/RAM_reg_11008_11263_5_5/RAMS64E_C/ADR2
                            (rising edge-triggered cell RAMS64E clocked by sys_clk_pin  {rise@0.000ns fall@5.000ns period=10.000ns})
  Path Group:             sys_clk_pin
  Path Type:              Hold (Min at Fast Process Corner)
  Requirement:            0.000ns  (sys_clk_pin rise@0.000ns - sys_clk_pin rise@0.000ns)
  Data Path Delay:        0.575ns  (logic 0.141ns (24.513%)  route 0.434ns (75.487%))
  Logic Levels:           0  
  Clock Path Skew:        0.265ns (DCD - SCD - CPR)
    Destination Clock Delay (DCD):    1.985ns
    Source Clock Delay      (SCD):    1.470ns
    Clock Pessimism Removal (CPR):    0.250ns

    Location             Delay type                Incr(ns)  Path(ns)    Netlist Resource(s)
  -------------------------------------------------------------------    -------------------
                         (clock sys_clk_pin rise edge)
                                                      0.000     0.000 r  
    E3                                                0.000     0.000 r  clk (IN)
                         net (fo=0)                   0.000     0.000    clk
    E3                   IBUF (Prop_ibuf_I_O)         0.257     0.257 r  clk_IBUF_inst/O
                         net (fo=1, routed)           0.631     0.888    clk_IBUF
    BUFGCTRL_X0Y16       BUFG (Prop_bufg_I_O)         0.026     0.914 r  clk_IBUF_BUFG_inst/O
                         net (fo=7442, routed)        0.557     1.470    clk_IBUF_BUFG
    SLICE_X41Y61         FDRE                                         r  bg_pixel_addr_0_reg[2]_replica_9/C
  -------------------------------------------------------------------    -------------------
    SLICE_X41Y61         FDRE (Prop_fdre_C_Q)         0.141     1.611 r  bg_pixel_addr_0_reg[2]_replica_9/Q
                         net (fo=860, routed)         0.434     2.046    ram3/RAM_reg_11008_11263_5_5/A2
    SLICE_X30Y57         RAMS64E                                      r  ram3/RAM_reg_11008_11263_5_5/RAMS64E_C/ADR2
  -------------------------------------------------------------------    -------------------

                         (clock sys_clk_pin rise edge)
                                                      0.000     0.000 r  
    E3                                                0.000     0.000 r  clk (IN)
                         net (fo=0)                   0.000     0.000    clk
    E3                   IBUF (Prop_ibuf_I_O)         0.445     0.445 r  clk_IBUF_inst/O
                         net (fo=1, routed)           0.685     1.129    clk_IBUF
    BUFGCTRL_X0Y16       BUFG (Prop_bufg_I_O)         0.029     1.158 r  clk_IBUF_BUFG_inst/O
                         net (fo=7442, routed)        0.826     1.985    ram3/RAM_reg_11008_11263_5_5/WCLK
    SLICE_X30Y57         RAMS64E                                      r  ram3/RAM_reg_11008_11263_5_5/RAMS64E_C/CLK
                         clock pessimism             -0.250     1.735    
    SLICE_X30Y57         RAMS64E (Hold_rams64e_CLK_ADR2)
                                                      0.254     1.989    ram3/RAM_reg_11008_11263_5_5/RAMS64E_C
  -------------------------------------------------------------------
                         required time                         -1.989    
                         arrival time                           2.046    
  -------------------------------------------------------------------
                         slack                                  0.056    

Slack (MET) :             0.056ns  (arrival time - required time)
  Source:                 bg_pixel_addr_0_reg[2]_replica_9/C
                            (rising edge-triggered cell FDRE clocked by sys_clk_pin  {rise@0.000ns fall@5.000ns period=10.000ns})
  Destination:            ram3/RAM_reg_11008_11263_5_5/RAMS64E_D/ADR2
                            (rising edge-triggered cell RAMS64E clocked by sys_clk_pin  {rise@0.000ns fall@5.000ns period=10.000ns})
  Path Group:             sys_clk_pin
  Path Type:              Hold (Min at Fast Process Corner)
  Requirement:            0.000ns  (sys_clk_pin rise@0.000ns - sys_clk_pin rise@0.000ns)
  Data Path Delay:        0.575ns  (logic 0.141ns (24.513%)  route 0.434ns (75.487%))
  Logic Levels:           0  
  Clock Path Skew:        0.265ns (DCD - SCD - CPR)
    Destination Clock Delay (DCD):    1.985ns
    Source Clock Delay      (SCD):    1.470ns
    Clock Pessimism Removal (CPR):    0.250ns

    Location             Delay type                Incr(ns)  Path(ns)    Netlist Resource(s)
  -------------------------------------------------------------------    -------------------
                         (clock sys_clk_pin rise edge)
                                                      0.000     0.000 r  
    E3                                                0.000     0.000 r  clk (IN)
                         net (fo=0)                   0.000     0.000    clk
    E3                   IBUF (Prop_ibuf_I_O)         0.257     0.257 r  clk_IBUF_inst/O
                         net (fo=1, routed)           0.631     0.888    clk_IBUF
    BUFGCTRL_X0Y16       BUFG (Prop_bufg_I_O)         0.026     0.914 r  clk_IBUF_BUFG_inst/O
                         net (fo=7442, routed)        0.557     1.470    clk_IBUF_BUFG
    SLICE_X41Y61         FDRE                                         r  bg_pixel_addr_0_reg[2]_replica_9/C
  -------------------------------------------------------------------    -------------------
    SLICE_X41Y61         FDRE (Prop_fdre_C_Q)         0.141     1.611 r  bg_pixel_addr_0_reg[2]_replica_9/Q
                         net (fo=860, routed)         0.434     2.046    ram3/RAM_reg_11008_11263_5_5/A2
    SLICE_X30Y57         RAMS64E                                      r  ram3/RAM_reg_11008_11263_5_5/RAMS64E_D/ADR2
  -------------------------------------------------------------------    -------------------

                         (clock sys_clk_pin rise edge)
                                                      0.000     0.000 r  
    E3                                                0.000     0.000 r  clk (IN)
                         net (fo=0)                   0.000     0.000    clk
    E3                   IBUF (Prop_ibuf_I_O)         0.445     0.445 r  clk_IBUF_inst/O
                         net (fo=1, routed)           0.685     1.129    clk_IBUF
    BUFGCTRL_X0Y16       BUFG (Prop_bufg_I_O)         0.029     1.158 r  clk_IBUF_BUFG_inst/O
                         net (fo=7442, routed)        0.826     1.985    ram3/RAM_reg_11008_11263_5_5/WCLK
    SLICE_X30Y57         RAMS64E                                      r  ram3/RAM_reg_11008_11263_5_5/RAMS64E_D/CLK
                         clock pessimism             -0.250     1.735    
    SLICE_X30Y57         RAMS64E (Hold_rams64e_CLK_ADR2)
                                                      0.254     1.989    ram3/RAM_reg_11008_11263_5_5/RAMS64E_D
  -------------------------------------------------------------------
                         required time                         -1.989    
                         arrival time                           2.046    
  -------------------------------------------------------------------
                         slack                                  0.056    

Slack (MET) :             0.083ns  (arrival time - required time)
  Source:                 bg_pixel_addr_0_reg[2]/C
                            (rising edge-triggered cell FDRE clocked by sys_clk_pin  {rise@0.000ns fall@5.000ns period=10.000ns})
  Destination:            ram3/RAM_reg_15104_15359_8_8/RAMS64E_A/ADR2
                            (rising edge-triggered cell RAMS64E clocked by sys_clk_pin  {rise@0.000ns fall@5.000ns period=10.000ns})
  Path Group:             sys_clk_pin
  Path Type:              Hold (Min at Fast Process Corner)
  Requirement:            0.000ns  (sys_clk_pin rise@0.000ns - sys_clk_pin rise@0.000ns)
  Data Path Delay:        0.350ns  (logic 0.141ns (40.277%)  route 0.209ns (59.723%))
  Logic Levels:           0  
  Clock Path Skew:        0.013ns (DCD - SCD - CPR)
    Destination Clock Delay (DCD):    1.996ns
    Source Clock Delay      (SCD):    1.481ns
    Clock Pessimism Removal (CPR):    0.502ns

    Location             Delay type                Incr(ns)  Path(ns)    Netlist Resource(s)
  -------------------------------------------------------------------    -------------------
                         (clock sys_clk_pin rise edge)
                                                      0.000     0.000 r  
    E3                                                0.000     0.000 r  clk (IN)
                         net (fo=0)                   0.000     0.000    clk
    E3                   IBUF (Prop_ibuf_I_O)         0.257     0.257 r  clk_IBUF_inst/O
                         net (fo=1, routed)           0.631     0.888    clk_IBUF
    BUFGCTRL_X0Y16       BUFG (Prop_bufg_I_O)         0.026     0.914 r  clk_IBUF_BUFG_inst/O
                         net (fo=7442, routed)        0.568     1.481    clk_IBUF_BUFG
    SLICE_X13Y45         FDRE                                         r  bg_pixel_addr_0_reg[2]/C
  -------------------------------------------------------------------    -------------------
    SLICE_X13Y45         FDRE (Prop_fdre_C_Q)         0.141     1.622 r  bg_pixel_addr_0_reg[2]/Q
                         net (fo=4, routed)           0.209     1.831    ram3/RAM_reg_15104_15359_8_8/A2
    SLICE_X12Y45         RAMS64E                                      r  ram3/RAM_reg_15104_15359_8_8/RAMS64E_A/ADR2
  -------------------------------------------------------------------    -------------------

                         (clock sys_clk_pin rise edge)
                                                      0.000     0.000 r  
    E3                                                0.000     0.000 r  clk (IN)
                         net (fo=0)                   0.000     0.000    clk
    E3                   IBUF (Prop_ibuf_I_O)         0.445     0.445 r  clk_IBUF_inst/O
                         net (fo=1, routed)           0.685     1.129    clk_IBUF
    BUFGCTRL_X0Y16       BUFG (Prop_bufg_I_O)         0.029     1.158 r  clk_IBUF_BUFG_inst/O
                         net (fo=7442, routed)        0.838     1.996    ram3/RAM_reg_15104_15359_8_8/WCLK
    SLICE_X12Y45         RAMS64E                                      r  ram3/RAM_reg_15104_15359_8_8/RAMS64E_A/CLK
                         clock pessimism             -0.502     1.494    
    SLICE_X12Y45         RAMS64E (Hold_rams64e_CLK_ADR2)
                                                      0.254     1.748    ram3/RAM_reg_15104_15359_8_8/RAMS64E_A
  -------------------------------------------------------------------
                         required time                         -1.748    
                         arrival time                           1.831    
  -------------------------------------------------------------------
                         slack                                  0.083    

Slack (MET) :             0.083ns  (arrival time - required time)
  Source:                 bg_pixel_addr_0_reg[2]/C
                            (rising edge-triggered cell FDRE clocked by sys_clk_pin  {rise@0.000ns fall@5.000ns period=10.000ns})
  Destination:            ram3/RAM_reg_15104_15359_8_8/RAMS64E_B/ADR2
                            (rising edge-triggered cell RAMS64E clocked by sys_clk_pin  {rise@0.000ns fall@5.000ns period=10.000ns})
  Path Group:             sys_clk_pin
  Path Type:              Hold (Min at Fast Process Corner)
  Requirement:            0.000ns  (sys_clk_pin rise@0.000ns - sys_clk_pin rise@0.000ns)
  Data Path Delay:        0.350ns  (logic 0.141ns (40.277%)  route 0.209ns (59.723%))
  Logic Levels:           0  
  Clock Path Skew:        0.013ns (DCD - SCD - CPR)
    Destination Clock Delay (DCD):    1.996ns
    Source Clock Delay      (SCD):    1.481ns
    Clock Pessimism Removal (CPR):    0.502ns

    Location             Delay type                Incr(ns)  Path(ns)    Netlist Resource(s)
  -------------------------------------------------------------------    -------------------
                         (clock sys_clk_pin rise edge)
                                                      0.000     0.000 r  
    E3                                                0.000     0.000 r  clk (IN)
                         net (fo=0)                   0.000     0.000    clk
    E3                   IBUF (Prop_ibuf_I_O)         0.257     0.257 r  clk_IBUF_inst/O
                         net (fo=1, routed)           0.631     0.888    clk_IBUF
    BUFGCTRL_X0Y16       BUFG (Prop_bufg_I_O)         0.026     0.914 r  clk_IBUF_BUFG_inst/O
                         net (fo=7442, routed)        0.568     1.481    clk_IBUF_BUFG
    SLICE_X13Y45         FDRE                                         r  bg_pixel_addr_0_reg[2]/C
  -------------------------------------------------------------------    -------------------
    SLICE_X13Y45         FDRE (Prop_fdre_C_Q)         0.141     1.622 r  bg_pixel_addr_0_reg[2]/Q
                         net (fo=4, routed)           0.209     1.831    ram3/RAM_reg_15104_15359_8_8/A2
    SLICE_X12Y45         RAMS64E                                      r  ram3/RAM_reg_15104_15359_8_8/RAMS64E_B/ADR2
  -------------------------------------------------------------------    -------------------

                         (clock sys_clk_pin rise edge)
                                                      0.000     0.000 r  
    E3                                                0.000     0.000 r  clk (IN)
                         net (fo=0)                   0.000     0.000    clk
    E3                   IBUF (Prop_ibuf_I_O)         0.445     0.445 r  clk_IBUF_inst/O
                         net (fo=1, routed)           0.685     1.129    clk_IBUF
    BUFGCTRL_X0Y16       BUFG (Prop_bufg_I_O)         0.029     1.158 r  clk_IBUF_BUFG_inst/O
                         net (fo=7442, routed)        0.838     1.996    ram3/RAM_reg_15104_15359_8_8/WCLK
    SLICE_X12Y45         RAMS64E                                      r  ram3/RAM_reg_15104_15359_8_8/RAMS64E_B/CLK
                         clock pessimism             -0.502     1.494    
    SLICE_X12Y45         RAMS64E (Hold_rams64e_CLK_ADR2)
                                                      0.254     1.748    ram3/RAM_reg_15104_15359_8_8/RAMS64E_B
  -------------------------------------------------------------------
                         required time                         -1.748    
                         arrival time                           1.831    
  -------------------------------------------------------------------
                         slack                                  0.083    

Slack (MET) :             0.083ns  (arrival time - required time)
  Source:                 bg_pixel_addr_0_reg[2]/C
                            (rising edge-triggered cell FDRE clocked by sys_clk_pin  {rise@0.000ns fall@5.000ns period=10.000ns})
  Destination:            ram3/RAM_reg_15104_15359_8_8/RAMS64E_C/ADR2
                            (rising edge-triggered cell RAMS64E clocked by sys_clk_pin  {rise@0.000ns fall@5.000ns period=10.000ns})
  Path Group:             sys_clk_pin
  Path Type:              Hold (Min at Fast Process Corner)
  Requirement:            0.000ns  (sys_clk_pin rise@0.000ns - sys_clk_pin rise@0.000ns)
  Data Path Delay:        0.350ns  (logic 0.141ns (40.277%)  route 0.209ns (59.723%))
  Logic Levels:           0  
  Clock Path Skew:        0.013ns (DCD - SCD - CPR)
    Destination Clock Delay (DCD):    1.996ns
    Source Clock Delay      (SCD):    1.481ns
    Clock Pessimism Removal (CPR):    0.502ns

    Location             Delay type                Incr(ns)  Path(ns)    Netlist Resource(s)
  -------------------------------------------------------------------    -------------------
                         (clock sys_clk_pin rise edge)
                                                      0.000     0.000 r  
    E3                                                0.000     0.000 r  clk (IN)
                         net (fo=0)                   0.000     0.000    clk
    E3                   IBUF (Prop_ibuf_I_O)         0.257     0.257 r  clk_IBUF_inst/O
                         net (fo=1, routed)           0.631     0.888    clk_IBUF
    BUFGCTRL_X0Y16       BUFG (Prop_bufg_I_O)         0.026     0.914 r  clk_IBUF_BUFG_inst/O
                         net (fo=7442, routed)        0.568     1.481    clk_IBUF_BUFG
    SLICE_X13Y45         FDRE                                         r  bg_pixel_addr_0_reg[2]/C
  -------------------------------------------------------------------    -------------------
    SLICE_X13Y45         FDRE (Prop_fdre_C_Q)         0.141     1.622 r  bg_pixel_addr_0_reg[2]/Q
                         net (fo=4, routed)           0.209     1.831    ram3/RAM_reg_15104_15359_8_8/A2
    SLICE_X12Y45         RAMS64E                                      r  ram3/RAM_reg_15104_15359_8_8/RAMS64E_C/ADR2
  -------------------------------------------------------------------    -------------------

                         (clock sys_clk_pin rise edge)
                                                      0.000     0.000 r  
    E3                                                0.000     0.000 r  clk (IN)
                         net (fo=0)                   0.000     0.000    clk
    E3                   IBUF (Prop_ibuf_I_O)         0.445     0.445 r  clk_IBUF_inst/O
                         net (fo=1, routed)           0.685     1.129    clk_IBUF
    BUFGCTRL_X0Y16       BUFG (Prop_bufg_I_O)         0.029     1.158 r  clk_IBUF_BUFG_inst/O
                         net (fo=7442, routed)        0.838     1.996    ram3/RAM_reg_15104_15359_8_8/WCLK
    SLICE_X12Y45         RAMS64E                                      r  ram3/RAM_reg_15104_15359_8_8/RAMS64E_C/CLK
                         clock pessimism             -0.502     1.494    
    SLICE_X12Y45         RAMS64E (Hold_rams64e_CLK_ADR2)
                                                      0.254     1.748    ram3/RAM_reg_15104_15359_8_8/RAMS64E_C
  -------------------------------------------------------------------
                         required time                         -1.748    
                         arrival time                           1.831    
  -------------------------------------------------------------------
                         slack                                  0.083    

Slack (MET) :             0.083ns  (arrival time - required time)
  Source:                 bg_pixel_addr_0_reg[2]/C
                            (rising edge-triggered cell FDRE clocked by sys_clk_pin  {rise@0.000ns fall@5.000ns period=10.000ns})
  Destination:            ram3/RAM_reg_15104_15359_8_8/RAMS64E_D/ADR2
                            (rising edge-triggered cell RAMS64E clocked by sys_clk_pin  {rise@0.000ns fall@5.000ns period=10.000ns})
  Path Group:             sys_clk_pin
  Path Type:              Hold (Min at Fast Process Corner)
  Requirement:            0.000ns  (sys_clk_pin rise@0.000ns - sys_clk_pin rise@0.000ns)
  Data Path Delay:        0.350ns  (logic 0.141ns (40.277%)  route 0.209ns (59.723%))
  Logic Levels:           0  
  Clock Path Skew:        0.013ns (DCD - SCD - CPR)
    Destination Clock Delay (DCD):    1.996ns
    Source Clock Delay      (SCD):    1.481ns
    Clock Pessimism Removal (CPR):    0.502ns

    Location             Delay type                Incr(ns)  Path(ns)    Netlist Resource(s)
  -------------------------------------------------------------------    -------------------
                         (clock sys_clk_pin rise edge)
                                                      0.000     0.000 r  
    E3                                                0.000     0.000 r  clk (IN)
                         net (fo=0)                   0.000     0.000    clk
    E3                   IBUF (Prop_ibuf_I_O)         0.257     0.257 r  clk_IBUF_inst/O
                         net (fo=1, routed)           0.631     0.888    clk_IBUF
    BUFGCTRL_X0Y16       BUFG (Prop_bufg_I_O)         0.026     0.914 r  clk_IBUF_BUFG_inst/O
                         net (fo=7442, routed)        0.568     1.481    clk_IBUF_BUFG
    SLICE_X13Y45         FDRE                                         r  bg_pixel_addr_0_reg[2]/C
  -------------------------------------------------------------------    -------------------
    SLICE_X13Y45         FDRE (Prop_fdre_C_Q)         0.141     1.622 r  bg_pixel_addr_0_reg[2]/Q
                         net (fo=4, routed)           0.209     1.831    ram3/RAM_reg_15104_15359_8_8/A2
    SLICE_X12Y45         RAMS64E                                      r  ram3/RAM_reg_15104_15359_8_8/RAMS64E_D/ADR2
  -------------------------------------------------------------------    -------------------

                         (clock sys_clk_pin rise edge)
                                                      0.000     0.000 r  
    E3                                                0.000     0.000 r  clk (IN)
                         net (fo=0)                   0.000     0.000    clk
    E3                   IBUF (Prop_ibuf_I_O)         0.445     0.445 r  clk_IBUF_inst/O
                         net (fo=1, routed)           0.685     1.129    clk_IBUF
    BUFGCTRL_X0Y16       BUFG (Prop_bufg_I_O)         0.029     1.158 r  clk_IBUF_BUFG_inst/O
                         net (fo=7442, routed)        0.838     1.996    ram3/RAM_reg_15104_15359_8_8/WCLK
    SLICE_X12Y45         RAMS64E                                      r  ram3/RAM_reg_15104_15359_8_8/RAMS64E_D/CLK
                         clock pessimism             -0.502     1.494    
    SLICE_X12Y45         RAMS64E (Hold_rams64e_CLK_ADR2)
                                                      0.254     1.748    ram3/RAM_reg_15104_15359_8_8/RAMS64E_D
  -------------------------------------------------------------------
                         required time                         -1.748    
                         arrival time                           1.831    
  -------------------------------------------------------------------
                         slack                                  0.083    

Slack (MET) :             0.110ns  (arrival time - required time)
  Source:                 bg_pixel_addr_0_reg[12]_rep__35/C
                            (rising edge-triggered cell FDRE clocked by sys_clk_pin  {rise@0.000ns fall@5.000ns period=10.000ns})
  Destination:            ram1/RAM_reg_0_3/ADDRARDADDR[12]
                            (rising edge-triggered cell RAMB36E1 clocked by sys_clk_pin  {rise@0.000ns fall@5.000ns period=10.000ns})
  Path Group:             sys_clk_pin
  Path Type:              Hold (Min at Fast Process Corner)
  Requirement:            0.000ns  (sys_clk_pin rise@0.000ns - sys_clk_pin rise@0.000ns)
  Data Path Delay:        0.351ns  (logic 0.141ns (40.188%)  route 0.210ns (59.812%))
  Logic Levels:           0  
  Clock Path Skew:        0.057ns (DCD - SCD - CPR)
    Destination Clock Delay (DCD):    2.032ns
    Source Clock Delay      (SCD):    1.476ns
    Clock Pessimism Removal (CPR):    0.498ns

    Location             Delay type                Incr(ns)  Path(ns)    Netlist Resource(s)
  -------------------------------------------------------------------    -------------------
                         (clock sys_clk_pin rise edge)
                                                      0.000     0.000 r  
    E3                                                0.000     0.000 r  clk (IN)
                         net (fo=0)                   0.000     0.000    clk
    E3                   IBUF (Prop_ibuf_I_O)         0.257     0.257 r  clk_IBUF_inst/O
                         net (fo=1, routed)           0.631     0.888    clk_IBUF
    BUFGCTRL_X0Y16       BUFG (Prop_bufg_I_O)         0.026     0.914 r  clk_IBUF_BUFG_inst/O
                         net (fo=7442, routed)        0.563     1.476    clk_IBUF_BUFG
    SLICE_X9Y52          FDRE                                         r  bg_pixel_addr_0_reg[12]_rep__35/C
  -------------------------------------------------------------------    -------------------
    SLICE_X9Y52          FDRE (Prop_fdre_C_Q)         0.141     1.617 r  bg_pixel_addr_0_reg[12]_rep__35/Q
                         net (fo=1, routed)           0.210     1.827    ram1/RAM_reg_0_3_0[0]
    RAMB36_X0Y10         RAMB36E1                                     r  ram1/RAM_reg_0_3/ADDRARDADDR[12]
  -------------------------------------------------------------------    -------------------

                         (clock sys_clk_pin rise edge)
                                                      0.000     0.000 r  
    E3                                                0.000     0.000 r  clk (IN)
                         net (fo=0)                   0.000     0.000    clk
    E3                   IBUF (Prop_ibuf_I_O)         0.445     0.445 r  clk_IBUF_inst/O
                         net (fo=1, routed)           0.685     1.129    clk_IBUF
    BUFGCTRL_X0Y16       BUFG (Prop_bufg_I_O)         0.029     1.158 r  clk_IBUF_BUFG_inst/O
                         net (fo=7442, routed)        0.874     2.032    ram1/clk_IBUF_BUFG
    RAMB36_X0Y10         RAMB36E1                                     r  ram1/RAM_reg_0_3/CLKARDCLK
                         clock pessimism             -0.498     1.534    
    RAMB36_X0Y10         RAMB36E1 (Hold_ramb36e1_CLKARDCLK_ADDRARDADDR[12])
                                                      0.183     1.717    ram1/RAM_reg_0_3
  -------------------------------------------------------------------
                         required time                         -1.717    
                         arrival time                           1.827    
  -------------------------------------------------------------------
                         slack                                  0.110    

Slack (MET) :             0.111ns  (arrival time - required time)
  Source:                 bg_pixel_addr_0_reg[1]_replica_7/C
                            (rising edge-triggered cell FDRE clocked by sys_clk_pin  {rise@0.000ns fall@5.000ns period=10.000ns})
  Destination:            ram3/RAM_reg_5376_5631_1_1/RAMS64E_A/ADR1
                            (rising edge-triggered cell RAMS64E clocked by sys_clk_pin  {rise@0.000ns fall@5.000ns period=10.000ns})
  Path Group:             sys_clk_pin
  Path Type:              Hold (Min at Fast Process Corner)
  Requirement:            0.000ns  (sys_clk_pin rise@0.000ns - sys_clk_pin rise@0.000ns)
  Data Path Delay:        0.774ns  (logic 0.141ns (18.207%)  route 0.633ns (81.793%))
  Logic Levels:           0  
  Clock Path Skew:        0.354ns (DCD - SCD - CPR)
    Destination Clock Delay (DCD):    2.076ns
    Source Clock Delay      (SCD):    1.472ns
    Clock Pessimism Removal (CPR):    0.250ns

    Location             Delay type                Incr(ns)  Path(ns)    Netlist Resource(s)
  -------------------------------------------------------------------    -------------------
                         (clock sys_clk_pin rise edge)
                                                      0.000     0.000 r  
    E3                                                0.000     0.000 r  clk (IN)
                         net (fo=0)                   0.000     0.000    clk
    E3                   IBUF (Prop_ibuf_I_O)         0.257     0.257 r  clk_IBUF_inst/O
                         net (fo=1, routed)           0.631     0.888    clk_IBUF
    BUFGCTRL_X0Y16       BUFG (Prop_bufg_I_O)         0.026     0.914 r  clk_IBUF_BUFG_inst/O
                         net (fo=7442, routed)        0.559     1.472    clk_IBUF_BUFG
    SLICE_X31Y95         FDRE                                         r  bg_pixel_addr_0_reg[1]_replica_7/C
  -------------------------------------------------------------------    -------------------
    SLICE_X31Y95         FDRE (Prop_fdre_C_Q)         0.141     1.613 r  bg_pixel_addr_0_reg[1]_replica_7/Q
                         net (fo=116, routed)         0.633     2.247    ram3/RAM_reg_5376_5631_1_1/A1
    SLICE_X14Y106        RAMS64E                                      r  ram3/RAM_reg_5376_5631_1_1/RAMS64E_A/ADR1
  -------------------------------------------------------------------    -------------------

                         (clock sys_clk_pin rise edge)
                                                      0.000     0.000 r  
    E3                                                0.000     0.000 r  clk (IN)
                         net (fo=0)                   0.000     0.000    clk
    E3                   IBUF (Prop_ibuf_I_O)         0.445     0.445 r  clk_IBUF_inst/O
                         net (fo=1, routed)           0.685     1.129    clk_IBUF
    BUFGCTRL_X0Y16       BUFG (Prop_bufg_I_O)         0.029     1.158 r  clk_IBUF_BUFG_inst/O
                         net (fo=7442, routed)        0.918     2.076    ram3/RAM_reg_5376_5631_1_1/WCLK
    SLICE_X14Y106        RAMS64E                                      r  ram3/RAM_reg_5376_5631_1_1/RAMS64E_A/CLK
                         clock pessimism             -0.250     1.827    
    SLICE_X14Y106        RAMS64E (Hold_rams64e_CLK_ADR1)
                                                      0.309     2.136    ram3/RAM_reg_5376_5631_1_1/RAMS64E_A
  -------------------------------------------------------------------
                         required time                         -2.136    
                         arrival time                           2.247    
  -------------------------------------------------------------------
                         slack                                  0.111    





Pulse Width Checks
--------------------------------------------------------------------------------------
Clock Name:         sys_clk_pin
Waveform(ns):       { 0.000 5.000 }
Period(ns):         10.000
Sources:            { clk }

Check Type        Corner  Lib Pin             Reference Pin  Required(ns)  Actual(ns)  Slack(ns)  Location      Pin
Min Period        n/a     RAMB36E1/CLKARDCLK  n/a            2.576         10.000      7.424      RAMB36_X1Y8   ram1/RAM_reg_0_0/CLKARDCLK
Min Period        n/a     RAMB36E1/CLKARDCLK  n/a            2.576         10.000      7.424      RAMB36_X1Y11  ram1/RAM_reg_0_1/CLKARDCLK
Min Period        n/a     RAMB36E1/CLKARDCLK  n/a            2.576         10.000      7.424      RAMB36_X0Y0   ram1/RAM_reg_0_10/CLKARDCLK
Min Period        n/a     RAMB36E1/CLKARDCLK  n/a            2.576         10.000      7.424      RAMB36_X2Y1   ram1/RAM_reg_0_11/CLKARDCLK
Min Period        n/a     RAMB36E1/CLKARDCLK  n/a            2.576         10.000      7.424      RAMB36_X0Y13  ram1/RAM_reg_0_2/CLKARDCLK
Min Period        n/a     RAMB36E1/CLKARDCLK  n/a            2.576         10.000      7.424      RAMB36_X0Y10  ram1/RAM_reg_0_3/CLKARDCLK
Min Period        n/a     RAMB36E1/CLKARDCLK  n/a            2.576         10.000      7.424      RAMB36_X2Y11  ram1/RAM_reg_0_4/CLKARDCLK
Min Period        n/a     RAMB36E1/CLKARDCLK  n/a            2.576         10.000      7.424      RAMB36_X2Y7   ram1/RAM_reg_0_5/CLKARDCLK
Min Period        n/a     RAMB36E1/CLKARDCLK  n/a            2.576         10.000      7.424      RAMB36_X0Y2   ram1/RAM_reg_0_6/CLKARDCLK
Min Period        n/a     RAMB36E1/CLKARDCLK  n/a            2.576         10.000      7.424      RAMB36_X2Y6   ram1/RAM_reg_0_7/CLKARDCLK
Low Pulse Width   Slow    RAMS64E/CLK         n/a            1.250         5.000       3.750      SLICE_X12Y33  ram0/RAM_reg_0_255_0_0/RAMS64E_A/CLK
Low Pulse Width   Fast    RAMS64E/CLK         n/a            1.250         5.000       3.750      SLICE_X12Y33  ram0/RAM_reg_0_255_0_0/RAMS64E_A/CLK
Low Pulse Width   Slow    RAMS64E/CLK         n/a            1.250         5.000       3.750      SLICE_X12Y33  ram0/RAM_reg_0_255_0_0/RAMS64E_B/CLK
Low Pulse Width   Fast    RAMS64E/CLK         n/a            1.250         5.000       3.750      SLICE_X12Y33  ram0/RAM_reg_0_255_0_0/RAMS64E_B/CLK
Low Pulse Width   Slow    RAMS64E/CLK         n/a            1.250         5.000       3.750      SLICE_X12Y33  ram0/RAM_reg_0_255_0_0/RAMS64E_C/CLK
Low Pulse Width   Fast    RAMS64E/CLK         n/a            1.250         5.000       3.750      SLICE_X12Y33  ram0/RAM_reg_0_255_0_0/RAMS64E_C/CLK
Low Pulse Width   Slow    RAMS64E/CLK         n/a            1.250         5.000       3.750      SLICE_X12Y33  ram0/RAM_reg_0_255_0_0/RAMS64E_D/CLK
Low Pulse Width   Fast    RAMS64E/CLK         n/a            1.250         5.000       3.750      SLICE_X12Y33  ram0/RAM_reg_0_255_0_0/RAMS64E_D/CLK
Low Pulse Width   Slow    RAMS64E/CLK         n/a            1.250         5.000       3.750      SLICE_X10Y15  ram0/RAM_reg_0_255_10_10/RAMS64E_A/CLK
Low Pulse Width   Fast    RAMS64E/CLK         n/a            1.250         5.000       3.750      SLICE_X10Y15  ram0/RAM_reg_0_255_10_10/RAMS64E_A/CLK
High Pulse Width  Slow    RAMS64E/CLK         n/a            1.250         5.000       3.750      SLICE_X12Y33  ram0/RAM_reg_0_255_0_0/RAMS64E_A/CLK
High Pulse Width  Fast    RAMS64E/CLK         n/a            1.250         5.000       3.750      SLICE_X12Y33  ram0/RAM_reg_0_255_0_0/RAMS64E_A/CLK
High Pulse Width  Slow    RAMS64E/CLK         n/a            1.250         5.000       3.750      SLICE_X12Y33  ram0/RAM_reg_0_255_0_0/RAMS64E_B/CLK
High Pulse Width  Fast    RAMS64E/CLK         n/a            1.250         5.000       3.750      SLICE_X12Y33  ram0/RAM_reg_0_255_0_0/RAMS64E_B/CLK
High Pulse Width  Slow    RAMS64E/CLK         n/a            1.250         5.000       3.750      SLICE_X12Y33  ram0/RAM_reg_0_255_0_0/RAMS64E_C/CLK
High Pulse Width  Fast    RAMS64E/CLK         n/a            1.250         5.000       3.750      SLICE_X12Y33  ram0/RAM_reg_0_255_0_0/RAMS64E_C/CLK
High Pulse Width  Slow    RAMS64E/CLK         n/a            1.250         5.000       3.750      SLICE_X12Y33  ram0/RAM_reg_0_255_0_0/RAMS64E_D/CLK
High Pulse Width  Fast    RAMS64E/CLK         n/a            1.250         5.000       3.750      SLICE_X12Y33  ram0/RAM_reg_0_255_0_0/RAMS64E_D/CLK
High Pulse Width  Slow    RAMS64E/CLK         n/a            1.250         5.000       3.750      SLICE_X10Y15  ram0/RAM_reg_0_255_10_10/RAMS64E_A/CLK
High Pulse Width  Fast    RAMS64E/CLK         n/a            1.250         5.000       3.750      SLICE_X10Y15  ram0/RAM_reg_0_255_10_10/RAMS64E_A/CLK



